<application>
  <component name="CodeInsightSettings">
    <option name="SHOW_EXTERNAL_ANNOTATIONS_INLINE" value="false" />
    <option name="AUTO_POPUP_PARAMETER_INFO" value="false" />
    <option name="COMPLETION_CASE_SENSITIVE" value="2" />
    <option name="AUTOCOMPLETE_ON_CODE_COMPLETION" value="false" />
    <option name="AUTOCOMPLETE_ON_SMART_TYPE_COMPLETION" value="false" />
    <option name="SURROUND_SELECTION_ON_QUOTE_TYPED" value="true" />
    <option name="ADD_UNAMBIGIOUS_IMPORTS_ON_THE_FLY" value="true" />
    <option name="TAB_EXITS_BRACKETS_AND_QUOTES" value="true" />
  </component>
</application>