<application>
  <component name="CodeInsightSettings">
    <option name="SHOW_EXTERNAL_ANNOTATIONS_INLINE" value="false" />
    <option name="AUTO_POPUP_PARAMETER_INFO" value="false" />
    <option name="COMPLETION_CASE_SENSITIVE" value="2" />
    <option name="AUTOCOMPLETE_ON_CODE_COMPLETION" value="false" />
    <option name="AUTOCOMPLETE_ON_SMART_TYPE_COMPLETION" value="false" />
    <option name="ADD_UNAMBIGIOUS_IMPORTS_ON_THE_FLY" value="true" />
    <EXCLUDED_PACKAGE NAME="akka.actor.ActorRef" />
    <EXCLUDED_PACKAGE NAME="akka.actor.typed.javadsl.ActorContext" />
    <EXCLUDED_PACKAGE NAME="akka.actor.typed.javadsl.Behaviors" />
    <EXCLUDED_PACKAGE NAME="akka.http.impl.model.parser.Base64Parsing" />
    <EXCLUDED_PACKAGE NAME="akka.http.impl.model.parser.Base64Parsing.Decoder" />
    <EXCLUDED_PACKAGE NAME="akka.http.scaladsl.coding.Decoder" />
    <EXCLUDED_PACKAGE NAME="akka.http.scaladsl.coding.Encoder" />
    <EXCLUDED_PACKAGE NAME="akka.stream.StreamRefMessages.ActorRef" />
    <EXCLUDED_PACKAGE NAME="ch.qos.logback.core.encoder.Encoder" />
    <EXCLUDED_PACKAGE NAME="com.sun.xml.internal.fastinfoset.Decoder" />
    <EXCLUDED_PACKAGE NAME="com.sun.xml.internal.fastinfoset.Encoder" />
    <EXCLUDED_PACKAGE NAME="io.circe.generic.semiauto" />
    <EXCLUDED_PACKAGE NAME="java.beans.Encoder" />
    <EXCLUDED_PACKAGE NAME="java.util.Base64.Decoder" />
    <EXCLUDED_PACKAGE NAME="java.util.Base64.Encoder" />
    <EXCLUDED_PACKAGE NAME="sun.awt.AWTCharset.Decoder" />
    <EXCLUDED_PACKAGE NAME="sun.awt.AWTCharset.Encoder" />
    <EXCLUDED_PACKAGE NAME="sun.nio.cs.SingleByte.Decoder" />
    <EXCLUDED_PACKAGE NAME="sun.nio.cs.SingleByte.Encoder" />
    <EXCLUDED_PACKAGE NAME="sun.nio.cs.ext.DoubleByte.Decoder" />
    <EXCLUDED_PACKAGE NAME="sun.nio.cs.ext.DoubleByte.Encoder" />
    <EXCLUDED_PACKAGE NAME="sun.nio.cs.ext.EUC_TW.Decoder" />
    <EXCLUDED_PACKAGE NAME="sun.nio.cs.ext.EUC_TW.Encoder" />
    <EXCLUDED_PACKAGE NAME="sun.nio.cs.ext.HKSCS.Decoder" />
    <EXCLUDED_PACKAGE NAME="sun.nio.cs.ext.HKSCS.Encoder" />
  </component>
</application>