<application>
  <component name="DefaultFont">
    <option name="FONT_SIZE" value="11" />
    <option name="FONT_FAMILY" value="Dank Mono" />
    <option name="USE_LIGATURES" value="true" />
  </component>
  <component name="EditorSettings">
    <option name="USE_SOFT_WRAPS" value="CONSOLE" />
    <option name="SOFT_WRAP_FILE_MASKS" value="*.md; *.txt; *.rst; *.adoc" />
    <option name="SHOW_INTENTION_BULB" value="false" />
    <option name="IS_CARET_BLINKING" value="false" />
    <option name="CARET_BLINKING_PERIOD" value="400" />
    <option name="IS_RIGHT_MARGIN_SHOWN" value="false" />
    <option name="IS_FOLDING_OUTLINE_SHOWN" value="false" />
    <option name="SHOW_BREADCRUMBS" value="false" />
    <option name="IS_LEADING_WHITESPACES_SHOWN" value="false" />
    <option name="IS_INNER_WHITESPACES_SHOWN" value="false" />
    <option name="IS_CAMEL_WORDS" value="true" />
    <option name="IS_MOUSE_CLICK_SELECTION_HONORS_CAMEL_WORDS" value="false" />
    <option name="ADD_CARETS_ON_DOUBLE_CTRL" value="false" />
    <option name="SHOW_PARAMETER_NAME_HINTS" value="false" />
  </component>
  <component name="XmlEditorOptions">
    <option name="tagTreeHighlightingEnabled" value="false" />
  </component>
</application>