<application>
  <component name="HydraApplicationSettings">
    <option name="globalArtifactPaths">
      <map>
        <entry key="2.12.7_2.1.4">
          <value>
            <list>
              <option value="$USER_HOME$/.ivy2/cache/com.triplequote/hydra-bridge_1_0/srcs/hydra-bridge_1_0-2.1.4-sources.jar" />
              <option value="$USER_HOME$/.ivy2/cache/com.triplequote/hydra_2.12.7/jars/hydra_2.12.7-2.1.4.jar" />
              <option value="$USER_HOME$/.sbt/boot/scala-2.12.7/lib/scala-library.jar" />
              <option value="$USER_HOME$/.ivy2/cache/com.triplequote/license-checking/jars/license-checking-2.1.4.jar" />
              <option value="$USER_HOME$/.ivy2/cache/com.license4j/license4j-runtime-library/jars/license4j-runtime-library-4.7.2.jar" />
              <option value="$USER_HOME$/.ivy2/cache/com.triplequote/scala-compiler/jars/scala-compiler-2.12.7-hydra38.jar" />
              <option value="$USER_HOME$/.ivy2/cache/com.triplequote/scala-reflect/jars/scala-reflect-2.12.7-hydra38.jar" />
              <option value="$USER_HOME$/.ivy2/cache/com.triplequote/dashboard-model_2.12/jars/dashboard-model_2.12-1.1.1.jar" />
              <option value="$USER_HOME$/.ivy2/cache/com.typesafe.scala-logging/scala-logging_2.12/bundles/scala-logging_2.12-3.5.0.jar" />
              <option value="$USER_HOME$/.ivy2/cache/org.slf4j/slf4j-api/jars/slf4j-api-1.7.21.jar" />
              <option value="$USER_HOME$/.ivy2/cache/ch.qos.logback/logback-classic/jars/logback-classic-1.1.3.jar" />
              <option value="$USER_HOME$/.ivy2/cache/ch.qos.logback/logback-core/jars/logback-core-1.1.3.jar" />
              <option value="$USER_HOME$/.ivy2/cache/org.scala-sbt/compiler-interface/jars/compiler-interface-1.0.0.jar" />
              <option value="$USER_HOME$/.ivy2/cache/org.scala-sbt/util-interface/jars/util-interface-1.0.0.jar" />
            </list>
          </value>
        </entry>
        <entry key="2.12.8_2.1.4">
          <value>
            <list>
              <option value="$USER_HOME$/.ivy2/cache/com.triplequote/hydra-bridge_1_0/srcs/hydra-bridge_1_0-2.1.4-sources.jar" />
              <option value="$USER_HOME$/.ivy2/cache/com.triplequote/hydra_2.12.8/jars/hydra_2.12.8-2.1.4.jar" />
              <option value="$USER_HOME$/.ivy2/cache/org.scala-lang/scala-library/jars/scala-library-2.12.8.jar" />
              <option value="$USER_HOME$/.ivy2/cache/com.triplequote/license-checking/jars/license-checking-2.1.4.jar" />
              <option value="$USER_HOME$/.ivy2/cache/com.license4j/license4j-runtime-library/jars/license4j-runtime-library-4.7.2.jar" />
              <option value="$USER_HOME$/.ivy2/cache/com.triplequote/scala-compiler/jars/scala-compiler-2.12.8-hydra38.jar" />
              <option value="$USER_HOME$/.ivy2/cache/com.triplequote/scala-reflect/jars/scala-reflect-2.12.8-hydra38.jar" />
              <option value="$USER_HOME$/.ivy2/cache/com.triplequote/dashboard-model_2.12/jars/dashboard-model_2.12-1.1.1.jar" />
              <option value="$USER_HOME$/.ivy2/cache/com.typesafe.scala-logging/scala-logging_2.12/bundles/scala-logging_2.12-3.5.0.jar" />
              <option value="$USER_HOME$/.ivy2/cache/org.slf4j/slf4j-api/jars/slf4j-api-1.7.21.jar" />
              <option value="$USER_HOME$/.ivy2/cache/ch.qos.logback/logback-classic/jars/logback-classic-1.1.3.jar" />
              <option value="$USER_HOME$/.ivy2/cache/ch.qos.logback/logback-core/jars/logback-core-1.1.3.jar" />
              <option value="$USER_HOME$/.ivy2/cache/org.scala-sbt/compiler-interface/jars/compiler-interface-1.0.0.jar" />
              <option value="$USER_HOME$/.ivy2/cache/org.scala-sbt/util-interface/jars/util-interface-1.0.0.jar" />
            </list>
          </value>
        </entry>
      </map>
    </option>
  </component>
</application>