<application>
  <component name="LanguageInjectionConfiguration">
    <injection language="SQL" injector-id="scala">
      <display-name>RdbmsOperation.setSql (org.springframework.jdbc.object)</display-name>
      <place disabled="true"><![CDATA[scalaLiteral().callArgument(0, psiMethod().withName("setSql").withParameters("java.lang.String").definedInClass("org.springframework.jdbc.object.RdbmsOperation"))]]></place>
    </injection>
    <injection language="SQL" injector-id="scala">
      <display-name>Session.createSQLQuery (org.hibernate)</display-name>
      <place disabled="true"><![CDATA[scalaLiteral().callArgument(0, psiMethod().withName("createSQLQuery").withParameters("java.lang.String").definedInClass("org.hibernate.Session"))]]></place>
    </injection>
    <injection language="SQL" injector-id="scala">
      <display-name>SimpleJdbcOperations (org.springframework.jdbc.core.simple)</display-name>
      <place disabled="true"><![CDATA[scalaLiteral().callArgument(0, psiMethod().withName("query").withParameters("java.lang.String", "org.springframework.jdbc.core.simple.ParameterizedRowMapper<T>", "java.lang.Object...").definedInClass("org.springframework.jdbc.core.simple.SimpleJdbcOperations"))]]></place>
      <place disabled="true"><![CDATA[scalaLiteral().callArgument(0, psiMethod().withName("queryForInt").withParameters("java.lang.String", "java.lang.Object...").definedInClass("org.springframework.jdbc.core.simple.SimpleJdbcOperations"))]]></place>
      <place disabled="true"><![CDATA[scalaLiteral().callArgument(0, psiMethod().withName("queryForList").withParameters("java.lang.String", "java.lang.Object...").definedInClass("org.springframework.jdbc.core.simple.SimpleJdbcOperations"))]]></place>
      <place disabled="true"><![CDATA[scalaLiteral().callArgument(0, psiMethod().withName("queryForLong").withParameters("java.lang.String", "java.lang.Object...").definedInClass("org.springframework.jdbc.core.simple.SimpleJdbcOperations"))]]></place>
      <place disabled="true"><![CDATA[scalaLiteral().callArgument(0, psiMethod().withName("queryForMap").withParameters("java.lang.String", "java.lang.Object...").definedInClass("org.springframework.jdbc.core.simple.SimpleJdbcOperations"))]]></place>
      <place disabled="true"><![CDATA[scalaLiteral().callArgument(0, psiMethod().withName("queryForObject").withParameters("java.lang.String", "java.lang.Class<T>", "java.lang.Object...").definedInClass("org.springframework.jdbc.core.simple.SimpleJdbcOperations"))]]></place>
      <place disabled="true"><![CDATA[scalaLiteral().callArgument(0, psiMethod().withName("queryForObject").withParameters("java.lang.String", "org.springframework.jdbc.core.simple.ParameterizedRowMapper<T>", "java.lang.Object...").definedInClass("org.springframework.jdbc.core.simple.SimpleJdbcOperations"))]]></place>
      <place disabled="true"><![CDATA[scalaLiteral().callArgument(0, psiMethod().withName("update").withParameters("java.lang.String", "java.lang.Object...").definedInClass("org.springframework.jdbc.core.simple.SimpleJdbcOperations"))]]></place>
    </injection>
    <injection language="SQL" injector-id="scala">
      <display-name>SqlCall.SqlCall (org.springframework.jdbc.object)</display-name>
      <place disabled="true"><![CDATA[scalaLiteral().callArgument(1, psiMethod().withName("SqlCall").withParameters("javax.sql.DataSource", "java.lang.String").definedInClass("org.springframework.jdbc.object.SqlCall"))]]></place>
    </injection>
    <injection language="SQL" injector-id="scala">
      <display-name>SqlFunction (org.springframework.jdbc.object)</display-name>
      <place disabled="true"><![CDATA[scalaLiteral().callArgument(1, psiMethod().withName("SqlFunction").withParameters("javax.sql.DataSource", "java.lang.String").definedInClass("org.springframework.jdbc.object.SqlFunction"))]]></place>
      <place disabled="true"><![CDATA[scalaLiteral().callArgument(1, psiMethod().withName("SqlFunction").withParameters("javax.sql.DataSource", "java.lang.String", "int[]").definedInClass("org.springframework.jdbc.object.SqlFunction"))]]></place>
      <place disabled="true"><![CDATA[scalaLiteral().callArgument(1, psiMethod().withName("SqlFunction").withParameters("javax.sql.DataSource", "java.lang.String", "int[]", "java.lang.Class").definedInClass("org.springframework.jdbc.object.SqlFunction"))]]></place>
    </injection>
    <injection language="SQL" injector-id="scala">
      <display-name>SqlOperation.newPreparedStatementCreator (org.springframework.jdbc.object)</display-name>
      <place disabled="true"><![CDATA[scalaLiteral().callArgument(0, psiMethod().withName("newPreparedStatementCreator").withParameters("java.lang.String", "java.lang.Object[]").definedInClass("org.springframework.jdbc.object.SqlOperation"))]]></place>
    </injection>
    <injection language="SQL" injector-id="scala">
      <display-name>SqlQuery (org.springframework.jdbc.object)</display-name>
      <place disabled="true"><![CDATA[scalaLiteral().callArgument(0, psiMethod().withName("execute").withParameters("java.lang.String").definedInClass("org.springframework.jdbc.object.SqlQuery"))]]></place>
      <place disabled="true"><![CDATA[scalaLiteral().callArgument(0, psiMethod().withName("execute").withParameters("java.lang.String", "java.util.Map").definedInClass("org.springframework.jdbc.object.SqlQuery"))]]></place>
      <place disabled="true"><![CDATA[scalaLiteral().callArgument(1, psiMethod().withName("SqlQuery").withParameters("javax.sql.DataSource", "java.lang.String").definedInClass("org.springframework.jdbc.object.SqlQuery"))]]></place>
    </injection>
    <injection language="SQL" injector-id="scala">
      <display-name>SqlUpdate (org.springframework.jdbc.object)</display-name>
      <place disabled="true"><![CDATA[scalaLiteral().callArgument(1, psiMethod().withName("SqlUpdate").withParameters("javax.sql.DataSource", "java.lang.String").definedInClass("org.springframework.jdbc.object.SqlUpdate"))]]></place>
      <place disabled="true"><![CDATA[scalaLiteral().callArgument(1, psiMethod().withName("SqlUpdate").withParameters("javax.sql.DataSource", "java.lang.String", "int[]").definedInClass("org.springframework.jdbc.object.SqlUpdate"))]]></place>
      <place disabled="true"><![CDATA[scalaLiteral().callArgument(1, psiMethod().withName("SqlUpdate").withParameters("javax.sql.DataSource", "java.lang.String", "int[]", "int").definedInClass("org.springframework.jdbc.object.SqlUpdate"))]]></place>
    </injection>
  </component>
</application>