<application>
  <component name="KeyPromoterXStatistic">
    <option name="statistics">
      <Statistic Action="Annotate">
        <Item>
          <IdeaActionID>Annotate</IdeaActionID>
          <ShortCut>'⌃⇧⌘A'</ShortCut>
          <Description>Annotate</Description>
          <Count>1</Count>
        </Item>
      </Statistic>
      <Statistic Action="Back">
        <Item>
          <IdeaActionID>Back</IdeaActionID>
          <ShortCut>'⌘[' or '⌥⌘←' or 'Button4 Click' or '⌥⌘J'</ShortCut>
          <Description>Back</Description>
          <Count>2</Count>
        </Item>
      </Statistic>
      <Statistic Action="Browse Type Hierarchy">
        <Item>
          <IdeaActionID>TypeHierarchy</IdeaActionID>
          <ShortCut>'⌃H'</ShortCut>
          <Description>Browse Type Hierarchy</Description>
          <Count>1</Count>
        </Item>
      </Statistic>
      <Statistic Action="Column Selection Mode">
        <Item>
          <IdeaActionID>EditorToggleColumnMode</IdeaActionID>
          <ShortCut>'⇧⌘8'</ShortCut>
          <Description>Column Selection Mode</Description>
          <Count>2</Count>
        </Item>
      </Statistic>
      <Statistic Action="Commit...">
        <Item>
          <IdeaActionID>CheckinProject</IdeaActionID>
          <ShortCut>'⌘K'</ShortCut>
          <Description>Commit...</Description>
          <Count>1</Count>
        </Item>
      </Statistic>
      <Statistic Action="Copy">
        <Item>
          <IdeaActionID>$Copy</IdeaActionID>
          <ShortCut>'⌘C'</ShortCut>
          <Description>Copy</Description>
          <Count>5</Count>
        </Item>
      </Statistic>
      <Statistic Action="Debug 'LoanApplicationProcessAppWithShutdownCommand'">
        <Item>
          <IdeaActionID>Debug</IdeaActionID>
          <ShortCut>'⌃D'</ShortCut>
          <Description>Debug 'LoanApplicationProcessAppWithShutdownCommand'</Description>
          <Count>2</Count>
        </Item>
      </Statistic>
      <Statistic Action="Debug 'LoanCostCalculaterSpec.LoanCostCalculato...'">
        <Item>
          <IdeaActionID>Debug</IdeaActionID>
          <ShortCut>'⌃D'</ShortCut>
          <Description>Debug 'LoanCostCalculaterSpec.LoanCostCalculato...'</Description>
          <Count>1</Count>
        </Item>
      </Statistic>
      <Statistic Action="Delete">
        <Item>
          <IdeaActionID>$Delete</IdeaActionID>
          <ShortCut>'⌦' or '⌘⌫'</ShortCut>
          <Description>Delete</Description>
          <Count>1</Count>
        </Item>
      </Statistic>
      <Statistic Action="Delete...">
        <Item>
          <IdeaActionID>$Delete</IdeaActionID>
          <ShortCut>'⌦' or '⌫' or '⌘⌫'</ShortCut>
          <Description>Delete...</Description>
          <Count>1</Count>
        </Item>
      </Statistic>
      <Statistic Action="Desugar Scala code...">
        <Item>
          <IdeaActionID>Scala.Desugar</IdeaActionID>
          <ShortCut>'⌥⌘D'</ShortCut>
          <Description>Desugar Scala code...</Description>
          <Count>3</Count>
        </Item>
      </Statistic>
      <Statistic Action="Detach sbt project">
        <Item>
          <IdeaActionID>ExternalSystem.DetachProject</IdeaActionID>
          <ShortCut>'⌦' or '⌘⌫'</ShortCut>
          <Description>Detach sbt project</Description>
          <Count>2</Count>
        </Item>
      </Statistic>
      <Statistic Action="Edit Source">
        <Item>
          <IdeaActionID>Vcs.EditSource</IdeaActionID>
          <ShortCut>'⌘↓' or 'F4'</ShortCut>
          <Description>Edit Source</Description>
          <Count>1</Count>
        </Item>
      </Statistic>
      <Statistic Action="Enter Distraction Free Mode">
        <Item>
          <IdeaActionID>ToggleDistractionFreeMode</IdeaActionID>
          <ShortCut>'⌃⌥⌘F' or '⌘F4'</ShortCut>
          <Description>Enter Distraction Free Mode</Description>
          <Count>1</Count>
        </Item>
      </Statistic>
      <Statistic Action="Evaluate worksheet (⌥⌘W)">
        <Item>
          <IdeaActionID>Scala.RunWorksheet</IdeaActionID>
          <ShortCut>'⌥⌘W'</ShortCut>
          <Description>Evaluate worksheet (⌥⌘W)</Description>
          <Count>12</Count>
        </Item>
      </Statistic>
      <Statistic Action="GoTo">
        <Item>
          <IdeaActionID>GotoDeclaration</IdeaActionID>
          <ShortCut>'⌘B' or '⌘Button1 Click' or 'Button2 Click'</ShortCut>
          <Description>GoTo</Description>
          <Count>35</Count>
        </Item>
      </Statistic>
      <Statistic Action="Implementation(s)">
        <Item>
          <IdeaActionID>GotoImplementation</IdeaActionID>
          <ShortCut>'⌥⌘B' or '⌥⌘Button1 Click'</ShortCut>
          <Description>Implementation(s)</Description>
          <Count>2</Count>
        </Item>
      </Statistic>
      <Statistic Action="Inline...">
        <Item>
          <IdeaActionID>Inline</IdeaActionID>
          <ShortCut>'⌥⌘N'</ShortCut>
          <Description>Inline...</Description>
          <Count>1</Count>
        </Item>
      </Statistic>
      <Statistic Action="Messages">
        <Item>
          <IdeaActionID>ActivateMessagesToolWindow</IdeaActionID>
          <ShortCut>'⌘0'</ShortCut>
          <Description>Messages</Description>
          <Count>1</Count>
        </Item>
      </Statistic>
      <Statistic Action="Move to Another Changelist...">
        <Item>
          <IdeaActionID>ChangesView.Move</IdeaActionID>
          <ShortCut>'⇧⌘M'</ShortCut>
          <Description>Move to Another Changelist...</Description>
          <Count>2</Count>
        </Item>
      </Statistic>
      <Statistic Action="Open sbt config">
        <Item>
          <IdeaActionID>ExternalSystem.OpenConfig</IdeaActionID>
          <ShortCut>'⌘↓' or 'F4'</ShortCut>
          <Description>Open sbt config</Description>
          <Count>1</Count>
        </Item>
      </Statistic>
      <Statistic Action="Open...">
        <Item>
          <IdeaActionID>OpenFile</IdeaActionID>
          <ShortCut>'⌃⇧⌘O'</ShortCut>
          <Description>Open...</Description>
          <Count>1</Count>
        </Item>
      </Statistic>
      <Statistic Action="Paste">
        <Item>
          <IdeaActionID>$Paste</IdeaActionID>
          <ShortCut>'⌘V'</ShortCut>
          <Description>Paste</Description>
          <Count>1</Count>
        </Item>
      </Statistic>
      <Statistic Action="Preferences...">
        <Item>
          <IdeaActionID>ShowSettings</IdeaActionID>
          <ShortCut>'⌘,'</ShortCut>
          <Description>Preferences...</Description>
          <Count>1</Count>
        </Item>
      </Statistic>
      <Statistic Action="Project Structure...">
        <Item>
          <IdeaActionID>ShowProjectStructureSettings</IdeaActionID>
          <ShortCut>'⌘;'</ShortCut>
          <Description>Project Structure...</Description>
          <Count>15</Count>
        </Item>
      </Statistic>
      <Statistic Action="Quick Definition">
        <Item>
          <IdeaActionID>QuickImplementations</IdeaActionID>
          <ShortCut>'⌥Space' or '⌘Y'</ShortCut>
          <Description>Quick Definition</Description>
          <Count>1</Count>
        </Item>
      </Statistic>
      <Statistic Action="Quick Switch Scheme...">
        <Item>
          <IdeaActionID>QuickChangeScheme</IdeaActionID>
          <ShortCut>'⌃`'</ShortCut>
          <Description>Quick Switch Scheme...</Description>
          <Count>3</Count>
        </Item>
      </Statistic>
      <Statistic Action="Rename...">
        <Item>
          <IdeaActionID>RenameElement</IdeaActionID>
          <ShortCut>'⇧F6'</ShortCut>
          <Description>Rename...</Description>
          <Count>1</Count>
        </Item>
      </Statistic>
      <Statistic Action="Rerun 'AkkaMainDev'">
        <Item>
          <IdeaActionID>Rerun</IdeaActionID>
          <ShortCut>'⌘R'</ShortCut>
          <Description>Rerun 'AkkaMainDev'</Description>
          <Count>1</Count>
        </Item>
      </Statistic>
      <Statistic Action="Rerun 'ApplicationMain'">
        <Item>
          <IdeaActionID>Rerun</IdeaActionID>
          <ShortCut>'⌘R'</ShortCut>
          <Description>Rerun 'ApplicationMain'</Description>
          <Count>5</Count>
        </Item>
      </Statistic>
      <Statistic Action="Rerun 'ApplicationMainWithTestMessages (1)'">
        <Item>
          <IdeaActionID>Rerun</IdeaActionID>
          <ShortCut>'⌘R'</ShortCut>
          <Description>Rerun 'ApplicationMainWithTestMessages (1)'</Description>
          <Count>10</Count>
        </Item>
      </Statistic>
      <Statistic Action="Rerun 'ApplicationMainWithTestMessages'">
        <Item>
          <IdeaActionID>Rerun</IdeaActionID>
          <ShortCut>'⌘R'</ShortCut>
          <Description>Rerun 'ApplicationMainWithTestMessages'</Description>
          <Count>84</Count>
        </Item>
      </Statistic>
      <Statistic Action="Rerun 'BynkJWTToolSpec.BynkJWTTool should verify a token'">
        <Item>
          <IdeaActionID>Rerun</IdeaActionID>
          <ShortCut>'⌘R'</ShortCut>
          <Description>Rerun 'BynkJWTToolSpec.BynkJWTTool should verify a token'</Description>
          <Count>1</Count>
        </Item>
      </Statistic>
      <Statistic Action="Rerun 'CheckoutPdfGenerationSpec.Generating PDF for Checkout invoice should work'">
        <Item>
          <IdeaActionID>Rerun</IdeaActionID>
          <ShortCut>'⌘R'</ShortCut>
          <Description>Rerun 'CheckoutPdfGenerationSpec.Generating PDF for Checkout invoice should work'</Description>
          <Count>1</Count>
        </Item>
      </Statistic>
      <Statistic Action="Rerun 'GymioWebServer'">
        <Item>
          <IdeaActionID>Rerun</IdeaActionID>
          <ShortCut>'⌘R'</ShortCut>
          <Description>Rerun 'GymioWebServer'</Description>
          <Count>2</Count>
        </Item>
      </Statistic>
      <Statistic Action="Rerun 'InvoiceXmlToPdfSpec.PdfCreator must create pdf for file invoice-installment-unittest.xml'">
        <Item>
          <IdeaActionID>Rerun</IdeaActionID>
          <ShortCut>'⌘R'</ShortCut>
          <Description>Rerun 'InvoiceXmlToPdfSpec.PdfCreator must create pdf for file invoice-installment-unittest.xml'</Description>
          <Count>1</Count>
        </Item>
      </Statistic>
      <Statistic Action="Rerun 'LoanApplicationProcessAppWithShutdownCommand'">
        <Item>
          <IdeaActionID>Rerun</IdeaActionID>
          <ShortCut>'⌘R'</ShortCut>
          <Description>Rerun 'LoanApplicationProcessAppWithShutdownCommand'</Description>
          <Count>8</Count>
        </Item>
      </Statistic>
      <Statistic Action="Rerun 'LoanPointLevelTest.A loan with less than 6 months should give no point level&#10;A loan between 6 months and less than 13 old should give level 1&#10;A loan between 13 months and less than 25 old should give level 2&#10;A loan between 25 months and less than 49 old should give level 3&#10;A loan with more than 49 months should give level 4'">
        <Item>
          <IdeaActionID>Rerun</IdeaActionID>
          <ShortCut>'⌘R'</ShortCut>
          <Description>Rerun 'LoanPointLevelTest.A loan with less than 6 months should give no point level
A loan between 6 months and less than 13 old should give level 1
A loan between 13 months and less than 25 old should give level 2
A loan between 25 months and less than 49 old should give level 3
A loan with more than 49 months should give level 4'</Description>
          <Count>3</Count>
        </Item>
      </Statistic>
      <Statistic Action="Rerun 'LoanPointLevelTest.A loan with less than 6 months should give no point level&#10;A loan with more than 6 months less than 13 should give level 1&#10;A loan with more than 12 months less than 25 should give level 2&#10;A loan with more than 24 months less than 49 should give level 3&#10;A loan with more than 49 months should give level 4'">
        <Item>
          <IdeaActionID>Rerun</IdeaActionID>
          <ShortCut>'⌘R'</ShortCut>
          <Description>Rerun 'LoanPointLevelTest.A loan with less than 6 months should give no point level
A loan with more than 6 months less than 13 should give level 1
A loan with more than 12 months less than 25 should give level 2
A loan with more than 24 months less than 49 should give level 3
A loan with more than 49 months should give level 4'</Description>
          <Count>3</Count>
        </Item>
      </Statistic>
      <Statistic Action="Rerun 'LoanPointLevelTest.A loan with less than 6 months should give no point level'">
        <Item>
          <IdeaActionID>Rerun</IdeaActionID>
          <ShortCut>'⌘R'</ShortCut>
          <Description>Rerun 'LoanPointLevelTest.A loan with less than 6 months should give no point level'</Description>
          <Count>4</Count>
        </Item>
      </Statistic>
      <Statistic Action="Rerun 'MainWithShutdownCommand'">
        <Item>
          <IdeaActionID>Rerun</IdeaActionID>
          <ShortCut>'⌘R'</ShortCut>
          <Description>Rerun 'MainWithShutdownCommand'</Description>
          <Count>1</Count>
        </Item>
      </Statistic>
      <Statistic Action="Rerun 'Mainio'">
        <Item>
          <IdeaActionID>Rerun</IdeaActionID>
          <ShortCut>'⌘R'</ShortCut>
          <Description>Rerun 'Mainio'</Description>
          <Count>2</Count>
        </Item>
      </Statistic>
      <Statistic Action="Rerun 'PaymentFreeMonthSpec'">
        <Item>
          <IdeaActionID>Rerun</IdeaActionID>
          <ShortCut>'⌘R'</ShortCut>
          <Description>Rerun 'PaymentFreeMonthSpec'</Description>
          <Count>1</Count>
        </Item>
      </Statistic>
      <Statistic Action="Rerun 'PointRuleEngineTest.A loan with less than 6 months should give no point level&#10;A loan between 6 months and less than 13 old should give level 1&#10;A loan between 13 months and less than 25 old should give level 2&#10;A loan between 25 months and less than 49 old should give level 3&#10;A loan with more than 49 months should give level 4&#10;5000 points and loan 5 months old should give 0 SEK&#10;5000 points and loan 6 months old should give 100 SEK&#10;5000 points and loan 14 months old should give 200 SEK&#10;5000 points and loan 25 months old should give 300 SEK&#10;5000 points and loan 50 months old should give 400 SEK&#10;10000 points and loan 5 months old should give 0 SEK&#10;10000 points and loan 6 months old should give 200 SEK&#10;10000 points and loan 14 months old should give 400 SEK&#10;10000 points and loan 25 months old should give 600 SEK&#10;10000 points and loan 50 months old should give 800 SEK&#10;20000 points and loan 5 months old should give 0 SEK&#10;20000 points and loan 6 months old should give 400 SEK&#10;20000 points and loan 14 months old should give 800 SEK&#10;20000 points and loan 25 months old should give 1200 SEK&#10;20000 points and loan 50 months old should give 1600 SEK&#10;50000 points and loan 5 months old should give 0 SEK&#10;50000 points and loan 6 months old should give 1000 SEK&#10;50000 points and loan 14 months old should give 2000 SEK&#10;50000 points and loan 25 months old should give 3000 SEK&#10;50000 points and loan 50 months old should give 5000 SEK'">
        <Item>
          <IdeaActionID>Rerun</IdeaActionID>
          <ShortCut>'⌘R'</ShortCut>
          <Description>Rerun 'PointRuleEngineTest.A loan with less than 6 months should give no point level
A loan between 6 months and less than 13 old should give level 1
A loan between 13 months and less than 25 old should give level 2
A loan between 25 months and less than 49 old should give level 3
A loan with more than 49 months should give level 4
5000 points and loan 5 months old should give 0 SEK
5000 points and loan 6 months old should give 100 SEK
5000 points and loan 14 months old should give 200 SEK
5000 points and loan 25 months old should give 300 SEK
5000 points and loan 50 months old should give 400 SEK
10000 points and loan 5 months old should give 0 SEK
10000 points and loan 6 months old should give 200 SEK
10000 points and loan 14 months old should give 400 SEK
10000 points and loan 25 months old should give 600 SEK
10000 points and loan 50 months old should give 800 SEK
20000 points and loan 5 months old should give 0 SEK
20000 points and loan 6 months old should give 400 SEK
20000 points and loan 14 months old should give 800 SEK
20000 points and loan 25 months old should give 1200 SEK
20000 points and loan 50 months old should give 1600 SEK
50000 points and loan 5 months old should give 0 SEK
50000 points and loan 6 months old should give 1000 SEK
50000 points and loan 14 months old should give 2000 SEK
50000 points and loan 25 months old should give 3000 SEK
50000 points and loan 50 months old should give 5000 SEK'</Description>
          <Count>1</Count>
        </Item>
      </Statistic>
      <Statistic Action="Rerun 'PointRuleEngineTest.A loan with less than 6 months should give no point level&#10;A loan between 6 months and less than 13 old should give level 1&#10;A loan between 13 months and less than 25 old should give level 2&#10;A loan between 25 months and less than 49 old should give level 3&#10;A loan with more than 49 months should give level 4'">
        <Item>
          <IdeaActionID>Rerun</IdeaActionID>
          <ShortCut>'⌘R'</ShortCut>
          <Description>Rerun 'PointRuleEngineTest.A loan with less than 6 months should give no point level
A loan between 6 months and less than 13 old should give level 1
A loan between 13 months and less than 25 old should give level 2
A loan between 25 months and less than 49 old should give level 3
A loan with more than 49 months should give level 4'</Description>
          <Count>1</Count>
        </Item>
      </Statistic>
      <Statistic Action="Rerun 'PointRuleEngineTest.A loan with less than 6 months should give no point level'">
        <Item>
          <IdeaActionID>Rerun</IdeaActionID>
          <ShortCut>'⌘R'</ShortCut>
          <Description>Rerun 'PointRuleEngineTest.A loan with less than 6 months should give no point level'</Description>
          <Count>1</Count>
        </Item>
      </Statistic>
      <Statistic Action="Rerun 'ProductListingTest.Register product listing should return event'">
        <Item>
          <IdeaActionID>Rerun</IdeaActionID>
          <ShortCut>'⌘R'</ShortCut>
          <Description>Rerun 'ProductListingTest.Register product listing should return event'</Description>
          <Count>3</Count>
        </Item>
      </Statistic>
      <Statistic Action="Rerun 'Rerun Failed Tests'">
        <Item>
          <IdeaActionID>Rerun</IdeaActionID>
          <ShortCut>'⌘R'</ShortCut>
          <Description>Rerun 'Rerun Failed Tests'</Description>
          <Count>11</Count>
        </Item>
      </Statistic>
      <Statistic Action="Rerun 'ScalaTests in 'invoiceservice''">
        <Item>
          <IdeaActionID>Rerun</IdeaActionID>
          <ShortCut>'⌘R'</ShortCut>
          <Description>Rerun 'ScalaTests in 'invoiceservice''</Description>
          <Count>1</Count>
        </Item>
      </Statistic>
      <Statistic Action="Rerun 'ScalaTests in 'scala''">
        <Item>
          <IdeaActionID>Rerun</IdeaActionID>
          <ShortCut>'⌘R'</ShortCut>
          <Description>Rerun 'ScalaTests in 'scala''</Description>
          <Count>2</Count>
        </Item>
      </Statistic>
      <Statistic Action="Rerun 'TestdataToJson'">
        <Item>
          <IdeaActionID>Rerun</IdeaActionID>
          <ShortCut>'⌘R'</ShortCut>
          <Description>Rerun 'TestdataToJson'</Description>
          <Count>2</Count>
        </Item>
      </Statistic>
      <Statistic Action="Rerun 'TransactionTest.Concurrent transactions should return correct data&#10;Full transaction flow should return events&#10;Create transaction with same sender and receiver should return error&#10;Create transaction with unsupported currency should return error&#10;Create transaction with negative total price should return error'">
        <Item>
          <IdeaActionID>Rerun</IdeaActionID>
          <ShortCut>'⌘R'</ShortCut>
          <Description>Rerun 'TransactionTest.Concurrent transactions should return correct data
Full transaction flow should return events
Create transaction with same sender and receiver should return error
Create transaction with unsupported currency should return error
Create transaction with negative total price should return error'</Description>
          <Count>1</Count>
        </Item>
      </Statistic>
      <Statistic Action="Rerun 'TransactionTest.Concurrent transactions should return correct data'">
        <Item>
          <IdeaActionID>Rerun</IdeaActionID>
          <ShortCut>'⌘R'</ShortCut>
          <Description>Rerun 'TransactionTest.Concurrent transactions should return correct data'</Description>
          <Count>50</Count>
        </Item>
      </Statistic>
      <Statistic Action="Rerun 'TransactionTest.Full transaction flow should return events'">
        <Item>
          <IdeaActionID>Rerun</IdeaActionID>
          <ShortCut>'⌘R'</ShortCut>
          <Description>Rerun 'TransactionTest.Full transaction flow should return events'</Description>
          <Count>70</Count>
        </Item>
      </Statistic>
      <Statistic Action="Rerun 'UserTest.Create user should return event&#10;Create user with incorrect ssn format should return event&#10;Create user with correct ssn format but invalid ssn should return event&#10;Create user with correct ssn but is below 18 should return event&#10;Create user with incorrect email should return event&#10;Create user with incorrect name should return event&#10;Create user with minimal fields should return event&#10;Update user should return event&#10;Create user that already exists should return failed and created'">
        <Item>
          <IdeaActionID>Rerun</IdeaActionID>
          <ShortCut>'⌘R'</ShortCut>
          <Description>Rerun 'UserTest.Create user should return event
Create user with incorrect ssn format should return event
Create user with correct ssn format but invalid ssn should return event
Create user with correct ssn but is below 18 should return event
Create user with incorrect email should return event
Create user with incorrect name should return event
Create user with minimal fields should return event
Update user should return event
Create user that already exists should return failed and created'</Description>
          <Count>1</Count>
        </Item>
      </Statistic>
      <Statistic Action="Rerun 'UserTest.Create user should return event'">
        <Item>
          <IdeaActionID>Rerun</IdeaActionID>
          <ShortCut>'⌘R'</ShortCut>
          <Description>Rerun 'UserTest.Create user should return event'</Description>
          <Count>21</Count>
        </Item>
      </Statistic>
      <Statistic Action="Rerun 'UserTest.Create user that already exists should return failed and created'">
        <Item>
          <IdeaActionID>Rerun</IdeaActionID>
          <ShortCut>'⌘R'</ShortCut>
          <Description>Rerun 'UserTest.Create user that already exists should return failed and created'</Description>
          <Count>2</Count>
        </Item>
      </Statistic>
      <Statistic Action="Rerun 'UserTest.Create user with correct ssn but is below 18 should return event'">
        <Item>
          <IdeaActionID>Rerun</IdeaActionID>
          <ShortCut>'⌘R'</ShortCut>
          <Description>Rerun 'UserTest.Create user with correct ssn but is below 18 should return event'</Description>
          <Count>2</Count>
        </Item>
      </Statistic>
      <Statistic Action="Rerun 'UserTest.Create user with correct ssn format but invalid ssn should return event'">
        <Item>
          <IdeaActionID>Rerun</IdeaActionID>
          <ShortCut>'⌘R'</ShortCut>
          <Description>Rerun 'UserTest.Create user with correct ssn format but invalid ssn should return event'</Description>
          <Count>1</Count>
        </Item>
      </Statistic>
      <Statistic Action="Rerun 'UserTest.Create user with incorrect ssn format should return event'">
        <Item>
          <IdeaActionID>Rerun</IdeaActionID>
          <ShortCut>'⌘R'</ShortCut>
          <Description>Rerun 'UserTest.Create user with incorrect ssn format should return event'</Description>
          <Count>5</Count>
        </Item>
      </Statistic>
      <Statistic Action="Rerun 'UserTest.Update user should return event'">
        <Item>
          <IdeaActionID>Rerun</IdeaActionID>
          <ShortCut>'⌘R'</ShortCut>
          <Description>Rerun 'UserTest.Update user should return event'</Description>
          <Count>4</Count>
        </Item>
      </Statistic>
      <Statistic Action="Rerun 'UserValidatorNecTest.Create user with correct data validation should be valid&#10;Create user with bad format SSN validation should be invalid&#10;Create user younger than 18 years old should be invalid&#10;Create user with bad format first name should be invalid&#10;Create user with bad format last name should be invalid&#10;Name with European characters should return no error&#10;Name with allowed special characters should return no error&#10;Name with disallowed special characters should return error&#10;Create user with bad format phone should be invalid&#10;Create user with bad format email should be invalid&#10;Create user with empty email should be invalid'">
        <Item>
          <IdeaActionID>Rerun</IdeaActionID>
          <ShortCut>'⌘R'</ShortCut>
          <Description>Rerun 'UserValidatorNecTest.Create user with correct data validation should be valid
Create user with bad format SSN validation should be invalid
Create user younger than 18 years old should be invalid
Create user with bad format first name should be invalid
Create user with bad format last name should be invalid
Name with European characters should return no error
Name with allowed special characters should return no error
Name with disallowed special characters should return error
Create user with bad format phone should be invalid
Create user with bad format email should be invalid
Create user with empty email should be invalid'</Description>
          <Count>1</Count>
        </Item>
      </Statistic>
      <Statistic Action="Rerun 'UserValidatorNecTest.Create user with correct data validation should be valid&#10;Create user with bad format SSN validation should be invalid&#10;User younger than 18 years old should be invalid&#10;First name with European characters should be valid&#10;First name with allowed special characters should be valid&#10;First name with disallowed special characters should be invalid&#10;Last name with disallowed special characters should be invalid&#10;List of valid phone numbers should be valid&#10;List of invalid phone numbers should be invalid&#10;List of valid email addresses should be valid&#10;List of invalid email addresses should be invalid'">
        <Item>
          <IdeaActionID>Rerun</IdeaActionID>
          <ShortCut>'⌘R'</ShortCut>
          <Description>Rerun 'UserValidatorNecTest.Create user with correct data validation should be valid
Create user with bad format SSN validation should be invalid
User younger than 18 years old should be invalid
First name with European characters should be valid
First name with allowed special characters should be valid
First name with disallowed special characters should be invalid
Last name with disallowed special characters should be invalid
List of valid phone numbers should be valid
List of invalid phone numbers should be invalid
List of valid email addresses should be valid
List of invalid email addresses should be invalid'</Description>
          <Count>1</Count>
        </Item>
      </Statistic>
      <Statistic Action="Rerun 'WorkoutServiceTest'">
        <Item>
          <IdeaActionID>Rerun</IdeaActionID>
          <ShortCut>'⌘R'</ShortCut>
          <Description>Rerun 'WorkoutServiceTest'</Description>
          <Count>2</Count>
        </Item>
      </Statistic>
      <Statistic Action="Restore Default Layout">
        <Item>
          <IdeaActionID>RestoreDefaultLayout</IdeaActionID>
          <ShortCut>'⇧F12'</ShortCut>
          <Description>Restore Default Layout</Description>
          <Count>1</Count>
        </Item>
      </Statistic>
      <Statistic Action="Resume Program">
        <Item>
          <IdeaActionID>Resume</IdeaActionID>
          <ShortCut>'⌥⌘R' or 'F9'</ShortCut>
          <Description>Resume Program</Description>
          <Count>1</Count>
        </Item>
      </Statistic>
      <Statistic Action="Revert...">
        <Item>
          <IdeaActionID>ChangesView.Revert</IdeaActionID>
          <ShortCut>'⌥⌘Z'</ShortCut>
          <Description>Revert...</Description>
          <Count>6</Count>
        </Item>
      </Statistic>
      <Statistic Action="Run">
        <Item>
          <IdeaActionID>ActivateRunToolWindow</IdeaActionID>
          <ShortCut>'⌘4'</ShortCut>
          <Description>Run</Description>
          <Count>2</Count>
        </Item>
      </Statistic>
      <Statistic Action="Run 'AkkaMainDev'">
        <Item>
          <IdeaActionID>Run</IdeaActionID>
          <ShortCut>'⌃R'</ShortCut>
          <Description>Run 'AkkaMainDev'</Description>
          <Count>2</Count>
        </Item>
      </Statistic>
      <Statistic Action="Run 'ApplicationMain'">
        <Item>
          <IdeaActionID>RunClass</IdeaActionID>
          <ShortCut>'⌃⇧R'</ShortCut>
          <Description>Run 'ApplicationMain'</Description>
          <Count>1</Count>
        </Item>
      </Statistic>
      <Statistic Action="Run 'ApplicationMainWithTestMessages (1)'">
        <Item>
          <IdeaActionID>Run</IdeaActionID>
          <ShortCut>'⌃R'</ShortCut>
          <Description>Run 'ApplicationMainWithTestMessages (1)'</Description>
          <Count>4</Count>
        </Item>
      </Statistic>
      <Statistic Action="Run 'ApplicationMainWithTestMessages'">
        <Item>
          <IdeaActionID>Run</IdeaActionID>
          <ShortCut>'⌃R'</ShortCut>
          <Description>Run 'ApplicationMainWithTestMessages'</Description>
          <Count>7</Count>
        </Item>
      </Statistic>
      <Statistic Action="Run 'GymioWebServer'">
        <Item>
          <IdeaActionID>RunClass</IdeaActionID>
          <ShortCut>'⌃⇧R'</ShortCut>
          <Description>Run 'GymioWebServer'</Description>
          <Count>1</Count>
        </Item>
      </Statistic>
      <Statistic Action="Run 'LoanApplicationProcessAppWithShutdownCommand'">
        <Item>
          <IdeaActionID>Run</IdeaActionID>
          <ShortCut>'⌃R'</ShortCut>
          <Description>Run 'LoanApplicationProcessAppWithShutdownCommand'</Description>
          <Count>6</Count>
        </Item>
      </Statistic>
      <Statistic Action="Run 'MainWithShutdownCommand'">
        <Item>
          <IdeaActionID>Run</IdeaActionID>
          <ShortCut>'⌃R'</ShortCut>
          <Description>Run 'MainWithShutdownCommand'</Description>
          <Count>1</Count>
        </Item>
      </Statistic>
      <Statistic Action="Run 'PaymentFreeMonthSpec...'">
        <Item>
          <IdeaActionID>RunClass</IdeaActionID>
          <ShortCut>'⌃⇧R'</ShortCut>
          <Description>Run 'PaymentFreeMonthSpec...'</Description>
          <Count>1</Count>
        </Item>
      </Statistic>
      <Statistic Action="Run 'ScalaTests in 'scala...'">
        <Item>
          <IdeaActionID>RunClass</IdeaActionID>
          <ShortCut>'⌃⇧R'</ShortCut>
          <Description>Run 'ScalaTests in 'scala...'</Description>
          <Count>1</Count>
        </Item>
      </Statistic>
      <Statistic Action="Run 'ScoreEngineSpec.The ...'">
        <Item>
          <IdeaActionID>RunClass</IdeaActionID>
          <ShortCut>'⌃⇧R'</ShortCut>
          <Description>Run 'ScoreEngineSpec.The ...'</Description>
          <Count>1</Count>
        </Item>
      </Statistic>
      <Statistic Action="Run 'TestdataToJson'">
        <Item>
          <IdeaActionID>Run</IdeaActionID>
          <ShortCut>'⌃R'</ShortCut>
          <Description>Run 'TestdataToJson'</Description>
          <Count>2</Count>
        </Item>
      </Statistic>
      <Statistic Action="Run 'TransactionTest.Conc...'">
        <Item>
          <IdeaActionID>RunClass</IdeaActionID>
          <ShortCut>'⌃⇧R'</ShortCut>
          <Description>Run 'TransactionTest.Conc...'</Description>
          <Count>1</Count>
        </Item>
      </Statistic>
      <Statistic Action="Run 'TransactionTest.Full...'">
        <Item>
          <IdeaActionID>RunClass</IdeaActionID>
          <ShortCut>'⌃⇧R'</ShortCut>
          <Description>Run 'TransactionTest.Full...'</Description>
          <Count>1</Count>
        </Item>
      </Statistic>
      <Statistic Action="Run 'UserTest.Create user...'">
        <Item>
          <IdeaActionID>RunClass</IdeaActionID>
          <ShortCut>'⌃⇧R'</ShortCut>
          <Description>Run 'UserTest.Create user...'</Description>
          <Count>1</Count>
        </Item>
      </Statistic>
      <Statistic Action="Run 'WorkoutServiceTest'">
        <Item>
          <IdeaActionID>RunClass</IdeaActionID>
          <ShortCut>'⌃⇧R'</ShortCut>
          <Description>Run 'WorkoutServiceTest'</Description>
          <Count>1</Count>
        </Item>
      </Statistic>
      <Statistic Action="Shelve Silently">
        <Item>
          <IdeaActionID>ChangesView.ShelveSilently</IdeaActionID>
          <ShortCut>'⌥⌘H'</ShortCut>
          <Description>Shelve Silently</Description>
          <Count>1</Count>
        </Item>
      </Statistic>
      <Statistic Action="Show Diff">
        <Item>
          <IdeaActionID>Diff.ShowDiff</IdeaActionID>
          <ShortCut>'⌘D'</ShortCut>
          <Description>Show Diff</Description>
          <Count>2</Count>
        </Item>
      </Statistic>
      <Statistic Action="Show History">
        <Item>
          <IdeaActionID>Vcs.ShowTabbedFileHistory</IdeaActionID>
          <ShortCut>'⌃⌘H'</ShortCut>
          <Description>Show History</Description>
          <Count>8</Count>
        </Item>
      </Statistic>
      <Statistic Action="Step Out">
        <Item>
          <IdeaActionID>StepOut</IdeaActionID>
          <ShortCut>'⇧F8'</ShortCut>
          <Description>Step Out</Description>
          <Count>6</Count>
        </Item>
      </Statistic>
      <Statistic Action="Stop 'AccountServiceCheckoutSpecIT.AccountService for Checkout should send account to collection'">
        <Item>
          <IdeaActionID>Stop</IdeaActionID>
          <ShortCut>'⌘F2'</ShortCut>
          <Description>Stop 'AccountServiceCheckoutSpecIT.AccountService for Checkout should send account to collection'</Description>
          <Count>5</Count>
        </Item>
      </Statistic>
      <Statistic Action="Stop 'AkkaMainDev'">
        <Item>
          <IdeaActionID>Stop</IdeaActionID>
          <ShortCut>'⌘F2'</ShortCut>
          <Description>Stop 'AkkaMainDev'</Description>
          <Count>14</Count>
        </Item>
      </Statistic>
      <Statistic Action="Stop 'ApplicationMain'">
        <Item>
          <IdeaActionID>Stop</IdeaActionID>
          <ShortCut>'⌘F2'</ShortCut>
          <Description>Stop 'ApplicationMain'</Description>
          <Count>9</Count>
        </Item>
      </Statistic>
      <Statistic Action="Stop 'ApplicationMainWithTestMessages (1)'">
        <Item>
          <IdeaActionID>Stop</IdeaActionID>
          <ShortCut>'⌘F2'</ShortCut>
          <Description>Stop 'ApplicationMainWithTestMessages (1)'</Description>
          <Count>23</Count>
        </Item>
      </Statistic>
      <Statistic Action="Stop 'ApplicationMainWithTestMessages'">
        <Item>
          <IdeaActionID>Stop</IdeaActionID>
          <ShortCut>'⌘F2'</ShortCut>
          <Description>Stop 'ApplicationMainWithTestMessages'</Description>
          <Count>75</Count>
        </Item>
      </Statistic>
      <Statistic Action="Stop 'InvoiceXmlToPdfSpec.PdfCreator must create pdf for file invoice-20170130-102334.xml'">
        <Item>
          <IdeaActionID>Stop</IdeaActionID>
          <ShortCut>'⌘F2'</ShortCut>
          <Description>Stop 'InvoiceXmlToPdfSpec.PdfCreator must create pdf for file invoice-20170130-102334.xml'</Description>
          <Count>1</Count>
        </Item>
      </Statistic>
      <Statistic Action="Stop 'LoanApplicationProcessAppWithShutdownCommand'">
        <Item>
          <IdeaActionID>Stop</IdeaActionID>
          <ShortCut>'⌘F2'</ShortCut>
          <Description>Stop 'LoanApplicationProcessAppWithShutdownCommand'</Description>
          <Count>99</Count>
        </Item>
      </Statistic>
      <Statistic Action="Stop 'MainWithShutdownCommand'">
        <Item>
          <IdeaActionID>Stop</IdeaActionID>
          <ShortCut>'⌘F2'</ShortCut>
          <Description>Stop 'MainWithShutdownCommand'</Description>
          <Count>3</Count>
        </Item>
      </Statistic>
      <Statistic Action="Stop 'Mainio'">
        <Item>
          <IdeaActionID>Stop</IdeaActionID>
          <ShortCut>'⌘F2'</ShortCut>
          <Description>Stop 'Mainio'</Description>
          <Count>1</Count>
        </Item>
      </Statistic>
      <Statistic Action="Stop 'ProductListingAppWithShutdownCommand'">
        <Item>
          <IdeaActionID>Stop</IdeaActionID>
          <ShortCut>'⌘F2'</ShortCut>
          <Description>Stop 'ProductListingAppWithShutdownCommand'</Description>
          <Count>1</Count>
        </Item>
      </Statistic>
      <Statistic Action="Stop 'Rerun Failed Tests'">
        <Item>
          <IdeaActionID>Stop</IdeaActionID>
          <ShortCut>'⌘F2'</ShortCut>
          <Description>Stop 'Rerun Failed Tests'</Description>
          <Count>2</Count>
        </Item>
      </Statistic>
      <Statistic Action="Stop 'TransactionTest.Concurrent transactions should return correct data&#10;Full transaction flow should return events&#10;Create transaction with same sender and receiver should return error&#10;Create transaction with unsupported currency should return error&#10;Create transaction with negative total price should return error'">
        <Item>
          <IdeaActionID>Stop</IdeaActionID>
          <ShortCut>'⌘F2'</ShortCut>
          <Description>Stop 'TransactionTest.Concurrent transactions should return correct data
Full transaction flow should return events
Create transaction with same sender and receiver should return error
Create transaction with unsupported currency should return error
Create transaction with negative total price should return error'</Description>
          <Count>1</Count>
        </Item>
      </Statistic>
      <Statistic Action="Stop 'TransactionTest.Concurrent transactions should return correct data'">
        <Item>
          <IdeaActionID>Stop</IdeaActionID>
          <ShortCut>'⌘F2'</ShortCut>
          <Description>Stop 'TransactionTest.Concurrent transactions should return correct data'</Description>
          <Count>16</Count>
        </Item>
      </Statistic>
      <Statistic Action="Stop 'TransactionTest.Full transaction flow should return events&#10;Create transaction with same sender and receiver should return error&#10;Create transaction with unsupported currency should return error&#10;Create transaction with negative total price should return error&#10;Create transaction with blacklisted SSN should return error'">
        <Item>
          <IdeaActionID>Stop</IdeaActionID>
          <ShortCut>'⌘F2'</ShortCut>
          <Description>Stop 'TransactionTest.Full transaction flow should return events
Create transaction with same sender and receiver should return error
Create transaction with unsupported currency should return error
Create transaction with negative total price should return error
Create transaction with blacklisted SSN should return error'</Description>
          <Count>1</Count>
        </Item>
      </Statistic>
      <Statistic Action="Stop 'TransactionTest.Full transaction flow should return events&#10;Create transaction with same sender and receiver should return error&#10;Create transaction with unsupported currency should return error&#10;Create transaction with negative total price should return error'">
        <Item>
          <IdeaActionID>Stop</IdeaActionID>
          <ShortCut>'⌘F2'</ShortCut>
          <Description>Stop 'TransactionTest.Full transaction flow should return events
Create transaction with same sender and receiver should return error
Create transaction with unsupported currency should return error
Create transaction with negative total price should return error'</Description>
          <Count>3</Count>
        </Item>
      </Statistic>
      <Statistic Action="Stop 'TransactionTest.Full transaction flow should return events'">
        <Item>
          <IdeaActionID>Stop</IdeaActionID>
          <ShortCut>'⌘F2'</ShortCut>
          <Description>Stop 'TransactionTest.Full transaction flow should return events'</Description>
          <Count>7</Count>
        </Item>
      </Statistic>
      <Statistic Action="Stop 'UserTest'">
        <Item>
          <IdeaActionID>Stop</IdeaActionID>
          <ShortCut>'⌘F2'</ShortCut>
          <Description>Stop 'UserTest'</Description>
          <Count>1</Count>
        </Item>
      </Statistic>
      <Statistic Action="Stop 'UserTest.Create user should return event&#10;Create user with incorrect ssn format should return event&#10;Create user with correct ssn format but invalid ssn should return event&#10;Create user with correct ssn but is below 18 should return event&#10;Create user with incorrect email should return event&#10;Create user with incorrect name should return event&#10;Create user with incorrect postal code should return event&#10;Create user with minimal fields should return event&#10;Update user should return event'">
        <Item>
          <IdeaActionID>Stop</IdeaActionID>
          <ShortCut>'⌘F2'</ShortCut>
          <Description>Stop 'UserTest.Create user should return event
Create user with incorrect ssn format should return event
Create user with correct ssn format but invalid ssn should return event
Create user with correct ssn but is below 18 should return event
Create user with incorrect email should return event
Create user with incorrect name should return event
Create user with incorrect postal code should return event
Create user with minimal fields should return event
Update user should return event'</Description>
          <Count>2</Count>
        </Item>
      </Statistic>
      <Statistic Action="Stop 'UserTest.Create user should return event&#10;Create user with incorrect ssn format should return event&#10;Create user with correct ssn format but invalid ssn should return event&#10;Create user with correct ssn but is below 18 should return event&#10;Create user with incorrect email should return event&#10;Create user with incorrect name should return event&#10;Create user with minimal fields should return event&#10;Update user should return event&#10;Create user that already exists should return failed and created'">
        <Item>
          <IdeaActionID>Stop</IdeaActionID>
          <ShortCut>'⌘F2'</ShortCut>
          <Description>Stop 'UserTest.Create user should return event
Create user with incorrect ssn format should return event
Create user with correct ssn format but invalid ssn should return event
Create user with correct ssn but is below 18 should return event
Create user with incorrect email should return event
Create user with incorrect name should return event
Create user with minimal fields should return event
Update user should return event
Create user that already exists should return failed and created'</Description>
          <Count>3</Count>
        </Item>
      </Statistic>
      <Statistic Action="Stop 'UserTest.Create user should return event&#10;Create user with incorrect ssn format should return event&#10;Create user with correct ssn format but invalid ssn should return event&#10;Create user with correct ssn but is below 18 should return event&#10;Create user with incorrect email should return event&#10;Create user with incorrect name should return event&#10;Update user should return event&#10;Create user that already exists should return failed and created&#10;Create user with invalid json should return failure'">
        <Item>
          <IdeaActionID>Stop</IdeaActionID>
          <ShortCut>'⌘F2'</ShortCut>
          <Description>Stop 'UserTest.Create user should return event
Create user with incorrect ssn format should return event
Create user with correct ssn format but invalid ssn should return event
Create user with correct ssn but is below 18 should return event
Create user with incorrect email should return event
Create user with incorrect name should return event
Update user should return event
Create user that already exists should return failed and created
Create user with invalid json should return failure'</Description>
          <Count>1</Count>
        </Item>
      </Statistic>
      <Statistic Action="Stop 'UserTest.Create user with correct ssn but is below 18 should return event'">
        <Item>
          <IdeaActionID>Stop</IdeaActionID>
          <ShortCut>'⌘F2'</ShortCut>
          <Description>Stop 'UserTest.Create user with correct ssn but is below 18 should return event'</Description>
          <Count>1</Count>
        </Item>
      </Statistic>
      <Statistic Action="Stop 'UserTest.Create user with correct ssn format but invalid ssn should return event'">
        <Item>
          <IdeaActionID>Stop</IdeaActionID>
          <ShortCut>'⌘F2'</ShortCut>
          <Description>Stop 'UserTest.Create user with correct ssn format but invalid ssn should return event'</Description>
          <Count>1</Count>
        </Item>
      </Statistic>
      <Statistic Action="TODO">
        <Item>
          <IdeaActionID>ActivateTODOToolWindow</IdeaActionID>
          <ShortCut>'⌘6'</ShortCut>
          <Description>TODO</Description>
          <Count>4</Count>
        </Item>
      </Statistic>
      <Statistic Action="Terminal">
        <Item>
          <IdeaActionID>ActivateTerminalToolWindow</IdeaActionID>
          <ShortCut>'⌥F12'</ShortCut>
          <Description>Terminal</Description>
          <Count>2</Count>
        </Item>
      </Statistic>
      <Statistic Action="Toggle Highlight of All Occurrences">
        <Item>
          <IdeaActionID>QuickToggleEditorHighlight</IdeaActionID>
          <ShortCut>'⌥⌘F3'</ShortCut>
          <Description>Toggle Highlight of All Occurrences</Description>
          <Count>3</Count>
        </Item>
      </Statistic>
      <Statistic Action="Toolbar">
        <Item>
          <IdeaActionID>ViewToolBar</IdeaActionID>
          <ShortCut>'⇧⌘1'</ShortCut>
          <Description>Toolbar</Description>
          <Count>1</Count>
        </Item>
      </Statistic>
      <Statistic Action="Unshelve...">
        <Item>
          <IdeaActionID>ShelveChanges.UnshelveWithDialog</IdeaActionID>
          <ShortCut>'⇧⌘U'</ShortCut>
          <Description>Unshelve...</Description>
          <Count>6</Count>
        </Item>
      </Statistic>
      <Statistic Action="Version Control">
        <Item>
          <IdeaActionID>ActivateVersionControlToolWindow</IdeaActionID>
          <ShortCut>'⌘9' or '⇧⌘9'</ShortCut>
          <Description>Version Control</Description>
          <Count>2</Count>
        </Item>
      </Statistic>
    </option>
    <option name="suppressed">
      <Statistic Action="Toggle Line Breakpoint">
        <Item>
          <IdeaActionID>ToggleLineBreakpoint</IdeaActionID>
          <ShortCut>'⌘F8'</ShortCut>
          <Description>Toggle Line Breakpoint</Description>
          <Count>9</Count>
        </Item>
      </Statistic>
    </option>
  </component>
</application>