<application>
  <component name="ProjectManager">
    <defaultProject>
      <component name="BspLocalSettings">
        <option name="projectSyncType">
          <map>
            <entry key="$USER_HOME$/bynk/checkout-credit-score-service" value="PREVIEW" />
            <entry key="$USER_HOME$/bynk/checkout-integration-test" value="PREVIEW" />
            <entry key="$USER_HOME$/bynk/checkout-payment-service" value="PREVIEW" />
            <entry key="$USER_HOME$/bynk/process-manager" value="PREVIEW" />
            <entry key="$USER_HOME$/bynk/trustly" value="PREVIEW" />
          </map>
        </option>
      </component>
      <component name="PropertiesComponent">
        <property name="settings.editor.selected.configurable" value="preferences.pluginManager" />
      </component>
      <component name="SbtLocalSettings">
        <option name="projectSyncType">
          <map>
            <entry key="$USER_HOME$/Downloads/akka-samples-persistence-scala" value="PREVIEW" />
            <entry key="$USER_HOME$/bynk/bank-backend" value="PREVIEW" />
            <entry key="$USER_HOME$/bynk/checkout-credit-score-service" value="PREVIEW" />
            <entry key="$USER_HOME$/bynk/checkout-dankboard-service" value="PREVIEW" />
            <entry key="$USER_HOME$/bynk/checkout-integration-test" value="PREVIEW" />
            <entry key="$USER_HOME$/bynk/checkout-member-service" value="PREVIEW" />
            <entry key="$USER_HOME$/bynk/checkout-payment-service" value="PREVIEW" />
            <entry key="$USER_HOME$/bynk/checkout-product-listing-service" value="PREVIEW" />
            <entry key="$USER_HOME$/bynk/checkout-report" value="PREVIEW" />
            <entry key="$USER_HOME$/bynk/checkout-summary-report" value="PREVIEW" />
            <entry key="$USER_HOME$/bynk/checkout-transaction-log" value="PREVIEW" />
            <entry key="$USER_HOME$/bynk/checkout-user-engagement-service" value="PREVIEW" />
            <entry key="$USER_HOME$/bynk/checkout-vehicle-listing-service" value="PREVIEW" />
            <entry key="$USER_HOME$/bynk/credit-score-service" value="PREVIEW" />
            <entry key="$USER_HOME$/bynk/gymio-service" value="PREVIEW" />
            <entry key="$USER_HOME$/bynk/invoice-payment-service" value="PREVIEW" />
            <entry key="$USER_HOME$/bynk/invoice-service" value="PREVIEW" />
            <entry key="$USER_HOME$/bynk/loan-data-core" value="PREVIEW" />
            <entry key="$USER_HOME$/bynk/market-communicator-service" value="PREVIEW" />
            <entry key="$USER_HOME$/bynk/nets-api" value="PREVIEW" />
            <entry key="$USER_HOME$/bynk/process-core-integration-tests" value="PREVIEW" />
            <entry key="$USER_HOME$/bynk/process-manager" value="PREVIEW" />
            <entry key="$USER_HOME$/bynk/product-listing-service" value="PREVIEW" />
            <entry key="$USER_HOME$/bynk/swish-service" value="PREVIEW" />
            <entry key="$USER_HOME$/bynk/trustly" value="PREVIEW" />
            <entry key="$USER_HOME$/cqrs-ddd-scala-example" value="PREVIEW" />
            <entry key="$USER_HOME$/kafka-akka-example" value="PREVIEW" />
            <entry key="$USER_HOME$/trashprojects/akka-samples/akka-sample-fsm-scala" value="PREVIEW" />
          </map>
        </option>
      </component>
      <component name="ScalaSbtSettings">
        <option name="customVMEnabled" value="true" />
        <option name="customVMPath" value="/Library/Java/JavaVirtualMachines/jdk1.8.0_191.jdk/Contents/Home" />
        <option name="vmParameters" value="-Xss64m" />
      </component>
      <component name="masterDetails">
        <states>
          <state key="ProjectJDKs.UI">
            <settings>
              <last-edited>1.8</last-edited>
              <splitter-proportions>
                <option name="proportions">
                  <list>
                    <option value="0.2" />
                  </list>
                </option>
              </splitter-proportions>
            </settings>
          </state>
        </states>
      </component>
    </defaultProject>
  </component>
</application>