<application>
  <component name="ApplicationCodeStyleSettingsMigration">
    <option name="version" value="1" />
  </component>
  <component name="ScalaApplicationSettings">
    <option name="INTRODUCE_VARIABLE_EXPLICIT_TYPE" value="false" />
    <option name="SPECIFY_RETURN_TYPE_EXPLICITLY" value="REMOVE" />
    <option name="ADD_UNAMBIGUOUS_IMPORTS_ON_THE_FLY" value="true" />
    <option name="ASK_USE_LATEST_PLUGIN_BUILDS" value="false" />
    <option name="SUGGEST_IMPLICIT_HINTS" value="false" />
  </component>
</application>