<application>
  <component name="ScalafmtDynamicService">
    <option name="resolvedVersions">
      <map>
        <entry key="1.5.1">
          <value>
            <array>
              <option value="file:$USER_HOME$/.ivy2/cache/com.geirsson/scalafmt-cli_2.12/jars/scalafmt-cli_2.12-1.5.1.jar" />
              <option value="file:$USER_HOME$/.ivy2/cache/com.geirsson/scalafmt-core_2.12/jars/scalafmt-core_2.12-1.5.1.jar" />
              <option value="file:$USER_HOME$/.ivy2/cache/org.scalameta/scalameta_2.12/jars/scalameta_2.12-1.7.0.jar" />
              <option value="file:$USER_HOME$/.ivy2/cache/org.scalameta/common_2.12/jars/common_2.12-1.7.0.jar" />
              <option value="file:$USER_HOME$/.ivy2/cache/com.lihaoyi/sourcecode_2.12/jars/sourcecode_2.12-0.1.3.jar" />
              <option value="file:$USER_HOME$/.ivy2/cache/org.scalameta/dialects_2.12/jars/dialects_2.12-1.7.0.jar" />
              <option value="file:$USER_HOME$/.ivy2/cache/org.scalameta/parsers_2.12/jars/parsers_2.12-1.7.0.jar" />
              <option value="file:$USER_HOME$/.ivy2/cache/org.scalameta/inputs_2.12/jars/inputs_2.12-1.7.0.jar" />
              <option value="file:$USER_HOME$/.ivy2/cache/org.scalameta/io_2.12/jars/io_2.12-1.7.0.jar" />
              <option value="file:$USER_HOME$/.ivy2/cache/org.scalameta/tokens_2.12/jars/tokens_2.12-1.7.0.jar" />
              <option value="file:$USER_HOME$/.ivy2/cache/org.scalameta/tokenizers_2.12/jars/tokenizers_2.12-1.7.0.jar" />
              <option value="file:$USER_HOME$/.ivy2/cache/com.lihaoyi/scalaparse_2.12/jars/scalaparse_2.12-0.4.2.jar" />
              <option value="file:$USER_HOME$/.ivy2/cache/com.lihaoyi/fastparse_2.12/jars/fastparse_2.12-0.4.2.jar" />
              <option value="file:$USER_HOME$/.ivy2/cache/com.lihaoyi/fastparse-utils_2.12/jars/fastparse-utils_2.12-0.4.2.jar" />
              <option value="file:$USER_HOME$/.ivy2/cache/org.scalameta/trees_2.12/jars/trees_2.12-1.7.0.jar" />
              <option value="file:$USER_HOME$/.ivy2/cache/org.scalameta/quasiquotes_2.12/jars/quasiquotes_2.12-1.7.0.jar" />
              <option value="file:$USER_HOME$/.ivy2/cache/org.scalameta/transversers_2.12/jars/transversers_2.12-1.7.0.jar" />
              <option value="file:$USER_HOME$/.ivy2/cache/org.scalameta/inline_2.12/jars/inline_2.12-1.7.0.jar" />
              <option value="file:$USER_HOME$/.ivy2/cache/org.scalameta/semantic_2.12/jars/semantic_2.12-1.7.0.jar" />
              <option value="file:$USER_HOME$/.ivy2/cache/com.trueaccord.scalapb/scalapb-runtime_2.12/jars/scalapb-runtime_2.12-0.6.0-pre2.jar" />
              <option value="file:$USER_HOME$/.ivy2/cache/com.trueaccord.lenses/lenses_2.12/jars/lenses_2.12-0.4.10.jar" />
              <option value="file:$USER_HOME$/.ivy2/cache/com.google.protobuf/protobuf-java/bundles/protobuf-java-3.2.0.jar" />
              <option value="file:$USER_HOME$/.ivy2/cache/com.geirsson/metaconfig-core_2.12/jars/metaconfig-core_2.12-0.4.0.jar" />
              <option value="file:$USER_HOME$/.ivy2/cache/com.geirsson/metaconfig-typesafe-config_2.12/jars/metaconfig-typesafe-config_2.12-0.4.0.jar" />
              <option value="file:$USER_HOME$/.ivy2/cache/com.typesafe/config/bundles/config-1.2.1.jar" />
              <option value="file:$USER_HOME$/.ivy2/cache/com.martiansoftware/nailgun-server/jars/nailgun-server-0.9.1.jar" />
              <option value="file:$USER_HOME$/.ivy2/cache/com.github.scopt/scopt_2.12/jars/scopt_2.12-3.5.0.jar" />
              <option value="file:$USER_HOME$/.ivy2/cache/org.scala-lang/scala-reflect/jars/scala-reflect-2.12.8.jar" />
              <option value="file:$USER_HOME$/.ivy2/cache/org.scala-lang/scala-library/jars/scala-library-2.12.8.jar" />
            </array>
          </value>
        </entry>
        <entry key="2.0.0-RC4">
          <value>
            <array>
              <option value="file:$USER_HOME$/.ivy2/cache/org.scalameta/scalafmt-cli_2.12/jars/scalafmt-cli_2.12-2.0.0-RC4.jar" />
              <option value="file:$USER_HOME$/.ivy2/cache/org.scala-lang/scala-library/jars/scala-library-2.12.8.jar" />
              <option value="file:$USER_HOME$/.ivy2/cache/org.scalameta/scalafmt-core_2.12/jars/scalafmt-core_2.12-2.0.0-RC4.jar" />
              <option value="file:$USER_HOME$/.ivy2/cache/com.geirsson/metaconfig-core_2.12/jars/metaconfig-core_2.12-0.8.3.jar" />
              <option value="file:$USER_HOME$/.ivy2/cache/com.lihaoyi/pprint_2.12/jars/pprint_2.12-0.5.3.jar" />
              <option value="file:$USER_HOME$/.ivy2/cache/com.lihaoyi/fansi_2.12/jars/fansi_2.12-0.2.5.jar" />
              <option value="file:$USER_HOME$/.ivy2/cache/com.lihaoyi/sourcecode_2.12/bundles/sourcecode_2.12-0.1.4.jar" />
              <option value="file:$USER_HOME$/.ivy2/cache/org.typelevel/paiges-core_2.12/jars/paiges-core_2.12-0.2.0.jar" />
              <option value="file:$USER_HOME$/.ivy2/cache/org.scalameta/scalameta_2.12/jars/scalameta_2.12-4.0.0.jar" />
              <option value="file:$USER_HOME$/.ivy2/cache/org.scalameta/common_2.12/jars/common_2.12-4.0.0.jar" />
              <option value="file:$USER_HOME$/.ivy2/cache/org.scalameta/semanticdb_2.12/jars/semanticdb_2.12-4.0.0.jar" />
              <option value="file:$USER_HOME$/.ivy2/cache/org.scalameta/dialects_2.12/jars/dialects_2.12-4.0.0.jar" />
              <option value="file:$USER_HOME$/.ivy2/cache/org.scalameta/parsers_2.12/jars/parsers_2.12-4.0.0.jar" />
              <option value="file:$USER_HOME$/.ivy2/cache/org.scalameta/inputs_2.12/jars/inputs_2.12-4.0.0.jar" />
              <option value="file:$USER_HOME$/.ivy2/cache/org.scalameta/io_2.12/jars/io_2.12-4.0.0.jar" />
              <option value="file:$USER_HOME$/.ivy2/cache/org.scalameta/tokens_2.12/jars/tokens_2.12-4.0.0.jar" />
              <option value="file:$USER_HOME$/.ivy2/cache/org.scalameta/tokenizers_2.12/jars/tokenizers_2.12-4.0.0.jar" />
              <option value="file:$USER_HOME$/.ivy2/cache/com.lihaoyi/fastparse_2.12/jars/fastparse_2.12-1.0.0.jar" />
              <option value="file:$USER_HOME$/.ivy2/cache/com.lihaoyi/fastparse-utils_2.12/jars/fastparse-utils_2.12-1.0.0.jar" />
              <option value="file:$USER_HOME$/.ivy2/cache/org.scalameta/trees_2.12/jars/trees_2.12-4.0.0.jar" />
              <option value="file:$USER_HOME$/.ivy2/cache/org.scalameta/quasiquotes_2.12/jars/quasiquotes_2.12-4.0.0.jar" />
              <option value="file:$USER_HOME$/.ivy2/cache/org.scalameta/transversers_2.12/jars/transversers_2.12-4.0.0.jar" />
              <option value="file:$USER_HOME$/.ivy2/cache/org.scala-lang/scala-reflect/jars/scala-reflect-2.12.8.jar" />
              <option value="file:$USER_HOME$/.ivy2/cache/com.geirsson/metaconfig-typesafe-config_2.12/jars/metaconfig-typesafe-config_2.12-0.8.3.jar" />
              <option value="file:$USER_HOME$/.ivy2/cache/com.typesafe/config/bundles/config-1.2.1.jar" />
              <option value="file:$USER_HOME$/.ivy2/cache/org.scalameta/scalafmt-interfaces/jars/scalafmt-interfaces-2.0.0-RC4.jar" />
              <option value="file:$USER_HOME$/.ivy2/cache/com.googlecode.java-diff-utils/diffutils/jars/diffutils-1.3.0.jar" />
              <option value="file:$USER_HOME$/.ivy2/cache/com.martiansoftware/nailgun-server/jars/nailgun-server-0.9.1.jar" />
              <option value="file:$USER_HOME$/.ivy2/cache/com.github.scopt/scopt_2.12/jars/scopt_2.12-3.5.0.jar" />
            </array>
          </value>
        </entry>
      </map>
    </option>
  </component>
</application>