<application>
  <component name="VimSettings">
    <state version="4" enabled="true" />
    <globalmarks />
    <filemarks>
      <file name="$USER_HOME$/bynk/checkout-payment-service/src/main/scala/se/bynk/checkout/utils/CollectionUtil.scala" timestamp="1550500794830">
        <mark key="[" line="2" column="10" />
      </file>
      <file name="$USER_HOME$/bynk/process-manager/process-core/src/main/scala/se/bynk/loan/application/domain/checkout/CheckoutApplicationData.scala" timestamp="1550060206450">
        <mark key="'" line="100" column="33" />
        <mark key="[" line="106" column="0" />
        <mark key="]" line="106" column="20" />
        <mark key="^" line="71" column="36" />
        <mark key="." line="106" column="0" />
      </file>
      <file name="/a.dummy" timestamp="1550484850640">
        <mark key="[" line="0" column="0" />
      </file>
      <file name="$USER_HOME$/bynk/loan-data-core/core/src/main/scala/se/bynk/loan/core/bqbank/AccountState.scala" timestamp="1550677945077" />
      <file name="$USER_HOME$/bynk/process-manager/process-core/src/main/scala/se/bynk/loan/application/domain/accountcredit/active/AccountCreditState.scala" timestamp="1550590470479">
        <mark key="[" line="35" column="25" />
        <mark key="]" line="36" column="39" />
        <mark key="." line="36" column="39" />
        <mark key="^" line="36" column="39" />
      </file>
      <file name="$USER_HOME$/bynk/process-manager/process-core/src/main/scala/se/bynk/loan/application/resolutionautomation/ResolutionAutomationEngine.scala" timestamp="1550238312495">
        <mark key="[" line="88" column="72" />
        <mark key="]" line="88" column="94" />
        <mark key="." line="88" column="94" />
        <mark key="^" line="88" column="94" />
      </file>
      <file name="$USER_HOME$/bynk/process-manager/process-core/src/it/scala/se/bynk/loan/application/collaborators/kafka/CollaborationReaderSpec.scala" timestamp="1549873895473">
        <mark key="[" line="2" column="99" />
      </file>
      <file name="$USER_HOME$/bynk/process-manager/process-core/src/main/scala/se/bynk/loan/application/domain/accountcredit/application/AccountCreditApplicationManager.scala" timestamp="1550652715639">
        <mark key="'" line="112" column="17" />
        <mark key="[" line="227" column="77" />
        <mark key="]" line="227" column="77" />
        <mark key="^" line="226" column="51" />
        <mark key="." line="227" column="78" />
      </file>
      <file name="$USER_HOME$/bynk/process-manager/process-core/src/main/scala/se/bynk/loan/application/domain/accountcredit/active/AccountCreditManager.scala" timestamp="1550590316865">
        <mark key="'" line="122" column="0" />
        <mark key="[" line="265" column="59" />
        <mark key="]" line="265" column="79" />
        <mark key="^" line="265" column="79" />
        <mark key="." line="265" column="79" />
      </file>
      <file name="$USER_HOME$/bynk/bank-backend/backend-integration/src/main/scala/se/bynk/bankbackend/webservices/identifiers/AccountType.scala" timestamp="1550656583445">
        <mark key="'" line="39" column="0" />
      </file>
      <file name="$USER_HOME$/bynk/invoice-service/invoice/src/main/scala/se/bynk/invoiceservice/pdf/InvoicePdf.scala" timestamp="1550476446521">
        <mark key="[" line="16" column="12" />
        <mark key="]" line="32" column="29" />
        <mark key="." line="32" column="29" />
        <mark key="^" line="32" column="29" />
      </file>
      <file name="$USER_HOME$/bynk/checkout-payment-service/src/main/scala/se/bynk/checkout/infrastructure/ProductListingPGSQL.scala" timestamp="1550659612647">
        <mark key="[" line="18" column="85" />
        <mark key="]" line="18" column="85" />
        <mark key="^" line="18" column="85" />
        <mark key="." line="18" column="85" />
      </file>
      <file name="$USER_HOME$/bynk/invoice-service/invoice/src/main/java/se/bynk/invoiceservice/InvoicePdfCreator.java" timestamp="1550484730635">
        <mark key="'" line="0" column="0" />
        <mark key="[" line="77" column="36" />
        <mark key="]" line="77" column="36" />
        <mark key="^" line="333" column="17" />
        <mark key="." line="77" column="36" />
      </file>
      <file name="$USER_HOME$/bynk/credit-score-service/build.sbt" timestamp="1550146413612">
        <mark key="'" line="71" column="0" />
        <mark key="[" line="77" column="56" />
        <mark key="]" line="78" column="0" />
        <mark key="^" line="77" column="55" />
        <mark key="." line="78" column="0" />
      </file>
      <file name="$USER_HOME$/bynk/credit-score-service/minimalApplication-0.1.9/app/src/PepTestApp.scala" timestamp="1550152300289">
        <mark key="[" line="13" column="13" />
        <mark key="]" line="13" column="12" />
        <mark key="." line="13" column="12" />
        <mark key="^" line="13" column="12" />
      </file>
      <file name="$USER_HOME$/bynk/checkout-payment-service/src/main/scala/se/bynk/checkout/api/close/CloseTransactionActor.scala" timestamp="1550503774483">
        <mark key="'" line="2" column="0" />
        <mark key="[" line="111" column="43" />
        <mark key="]" line="111" column="46" />
        <mark key="." line="111" column="46" />
        <mark key="^" line="111" column="46" />
      </file>
      <file name="$USER_HOME$/bynk/invoice-service/invoice/src/test/scala/se/bynk/invoiceservice/invoice/InvoiceFormatSpec.scala" timestamp="1550574165361">
        <mark key="[" line="55" column="5" />
        <mark key="]" line="56" column="3" />
        <mark key="." line="56" column="3" />
        <mark key="^" line="56" column="3" />
      </file>
      <file name="$USER_HOME$/bynk/invoice-service/invoice/src/main/java/se/bynk/invoiceservice/data/Specification.java" timestamp="1550472164011">
        <mark key="[" line="8" column="71" />
        <mark key="]" line="8" column="97" />
        <mark key="." line="8" column="71" />
        <mark key="^" line="8" column="70" />
      </file>
      <file name="$USER_HOME$/bynk/invoice-service/invoice/src/main/scala/se/bynk/invoiceservice/xml/InvoiceXmlParser.scala" timestamp="1550574673693">
        <mark key="'" line="181" column="0" />
        <mark key="[" line="197" column="14" />
        <mark key="]" line="198" column="15" />
        <mark key="^" line="198" column="15" />
        <mark key="." line="198" column="15" />
      </file>
      <file name="$USER_HOME$/bynk/credit-score-service/src/main/resources/development.conf" timestamp="1550147260080">
        <mark key="[" line="41" column="16" />
        <mark key="]" line="41" column="15" />
        <mark key="." line="41" column="15" />
        <mark key="^" line="41" column="15" />
      </file>
      <file name="$USER_HOME$/bynk/checkout-member-service/src/main/scala/se/bynk/checkout/api/CreateUserActor.scala" timestamp="1550052224153">
        <mark key="[" line="54" column="61" />
        <mark key="]" line="56" column="4" />
        <mark key="." line="56" column="4" />
        <mark key="^" line="56" column="80" />
      </file>
      <file name="/AccountCreditSupervisor.scala" timestamp="1550651210248">
        <mark key="'" line="120" column="13" />
      </file>
      <file name="$USER_HOME$/bynk/process-manager/process-core/src/main/scala/se/bynk/loan/application/domain/checkout/CheckoutApplicationId.scala" timestamp="1550049693563">
        <mark key="'" line="11" column="124" />
        <mark key="[" line="7" column="7" />
        <mark key="]" line="7" column="7" />
        <mark key="^" line="6" column="0" />
        <mark key="." line="7" column="7" />
      </file>
      <file name="$USER_HOME$/bynk/invoice-service/invoice/src/main/java/se/bynk/invoiceservice/components/Footer.java" timestamp="1550485029607">
        <mark key="'" line="19" column="37" />
        <mark key="[" line="64" column="41" />
        <mark key="]" line="64" column="40" />
        <mark key="." line="64" column="40" />
        <mark key="^" line="64" column="40" />
      </file>
      <file name="$USER_HOME$/bynk/process-manager/process-core/src/main/scala/se/bynk/loan/application/collaborators/fake/FakeCollaborators.scala" timestamp="1550146534012">
        <mark key="'" line="22" column="14" />
        <mark key="[" line="22" column="49" />
        <mark key="]" line="22" column="54" />
        <mark key="." line="22" column="54" />
        <mark key="^" line="22" column="54" />
      </file>
      <file name="$USER_HOME$/bynk/process-manager/process-core/src/main/scala/se/bynk/loan/application/domain/LoanApplicationProcessManager.scala" timestamp="1550062335395">
        <mark key="'" line="1405" column="0" />
        <mark key="[" line="467" column="34" />
        <mark key="]" line="467" column="34" />
        <mark key="^" line="462" column="34" />
        <mark key="." line="467" column="34" />
      </file>
      <file name="$USER_HOME$/bynk/invoice-service/invoice/src/main/scala/se/bynk/invoiceservice/invoice/InvoiceFormat.scala" timestamp="1550586863913">
        <mark key="'" line="0" column="0" />
        <mark key="[" line="140" column="95" />
        <mark key="]" line="140" column="101" />
        <mark key="." line="140" column="101" />
        <mark key="^" line="140" column="101" />
      </file>
      <file name="$USER_HOME$/bynk/process-manager/process-core/src/main/scala/se/bynk/loan/application/domain/accountcredit/active/AccountCreditSupervisor.scala" timestamp="1550652318894">
        <mark key="'" line="47" column="0" />
        <mark key="[" line="103" column="12" />
        <mark key="]" line="103" column="18" />
        <mark key="^" line="103" column="18" />
        <mark key="." line="103" column="18" />
      </file>
      <file name="$USER_HOME$/bynk/checkout-payment-service/src/test/scala/se/bynk/checkout/ApplicationMainWithTestMessages.scala" timestamp="1550673743534">
        <mark key="[" line="21" column="47" />
        <mark key="]" line="22" column="15" />
        <mark key="." line="22" column="15" />
        <mark key="^" line="22" column="15" />
      </file>
      <file name="$USER_HOME$/bynk/process-manager/process-core/src/main/scala/se/bynk/loan/application/domain/accountcredit/application/AccountCreditApplicationEvent.scala" timestamp="1550650787330">
        <mark key="[" line="57" column="63" />
        <mark key="]" line="57" column="84" />
        <mark key="." line="57" column="84" />
        <mark key="^" line="57" column="84" />
      </file>
      <file name="$USER_HOME$/bynk/process-manager/process-core/src/main/scala/se/bynk/loan/application/domain/accountcredit/application/AccountCreditApplicationCommand.scala" timestamp="1550068245337">
        <mark key="[" line="20" column="82" />
        <mark key="]" line="20" column="1" />
        <mark key="^" line="20" column="1" />
        <mark key="." line="20" column="1" />
      </file>
      <file name="$USER_HOME$/bynk/invoice-service/project/build.properties" timestamp="1550134046516">
        <mark key="[" line="0" column="17" />
        <mark key="]" line="0" column="16" />
        <mark key="^" line="0" column="16" />
        <mark key="." line="0" column="16" />
      </file>
      <file name="$USER_HOME$/bynk/checkout-member-service/src/main/scala/se/bynk/checkout/util/UserValidatorNec.scala" timestamp="1550053220853">
        <mark key="[" line="83" column="12" />
        <mark key="]" line="83" column="25" />
        <mark key="." line="83" column="25" />
        <mark key="^" line="83" column="25" />
      </file>
      <file name="$USER_HOME$/bynk/bank-backend/backend-integration/src/main/scala/se/bynk/bankbackend/webservices/CheckoutManager.scala" timestamp="1550736625850">
        <mark key="[" line="159" column="0" />
        <mark key="]" line="160" column="71" />
        <mark key="." line="159" column="0" />
      </file>
      <file name="$USER_HOME$/bynk/checkout-payment-service/src/main/scala/se/bynk/checkout/utils/Tap.scala" timestamp="1550500914790">
        <mark key="[" line="2" column="12" />
        <mark key="]" line="3" column="55" />
        <mark key="." line="3" column="55" />
        <mark key="^" line="3" column="55" />
      </file>
      <file name="$USER_HOME$/bynk/process-manager/process-core/src/main/scala/se/bynk/loan/webentry/DataObjects.scala" timestamp="1550645305163">
        <mark key="[" line="612" column="40" />
        <mark key="]" line="612" column="57" />
        <mark key="." line="612" column="57" />
        <mark key="^" line="612" column="57" />
      </file>
      <file name="$USER_HOME$/bynk/credit-score-service/src/main/scala/se/bynk/creditscoreservice/external/bisnode/BisnodePEPServiceInvoker.scala" timestamp="1550152860652">
        <mark key="'" line="75" column="36" />
        <mark key="[" line="164" column="11" />
        <mark key="]" line="164" column="30" />
        <mark key="^" line="45" column="36" />
        <mark key="." line="164" column="28" />
      </file>
      <file name="$USER_HOME$/bynk/credit-score-service/minimalApplication-0.1.9/app/src/MinimalApplication.scala" timestamp="1550141632700">
        <mark key="[" line="1" column="16" />
      </file>
      <file name="/sbtShell" timestamp="1550672937901">
        <mark key="[" line="0" column="0" />
      </file>
      <file name="$USER_HOME$/bynk/credit-score-service/src/main/resources/changes.sql" timestamp="1550147506544">
        <mark key="[" line="5" column="32" />
      </file>
      <file name="$USER_HOME$/bynk/bank-backend/backend-integration/src/main/scala/se/bynk/bankbackend/webservices/AccountService.scala" timestamp="1550736672914">
        <mark key="'" line="354" column="0" />
        <mark key="[" line="359" column="83" />
        <mark key="]" line="359" column="83" />
        <mark key="." line="359" column="83" />
        <mark key="^" line="359" column="83" />
      </file>
      <file name="$USER_HOME$/bynk/loan-data-core/core/src/main/scala/se/bynk/loan/core/bqbank/checkout/AutoGiroStatus.scala" timestamp="1550675429517" />
      <file name="$USER_HOME$/bynk/checkout-payment-service/src/test/scala/se/bynk/checkout/test/LocalTestActor.scala" timestamp="1550731742693">
        <mark key="'" line="117" column="0" />
        <mark key="[" line="226" column="0" />
        <mark key="]" line="226" column="0" />
        <mark key="." line="226" column="0" />
      </file>
      <file name="$USER_HOME$/bynk/checkout-payment-service/src/test/resources/jsonexamples/events/ReadUserEvent.json" timestamp="1550159163820">
        <mark key="[" line="11" column="18" />
        <mark key="]" line="11" column="17" />
        <mark key="^" line="11" column="17" />
        <mark key="." line="11" column="17" />
      </file>
      <file name="/HTML File.txt.ft" timestamp="1549875491804">
        <mark key="[" line="0" column="0" />
      </file>
      <file name="/Dummy.txt" timestamp="1550656839279">
        <mark key="[" line="0" column="0" />
      </file>
      <file name="/Scala Console" timestamp="1550573458226">
        <mark key="[" line="0" column="0" />
      </file>
      <file name="$USER_HOME$/bynk/checkout-payment-service/src/main/scala/se/bynk/checkout/domain/service/CloseTransactionService.scala" timestamp="1550558083071">
        <mark key="[" line="24" column="43" />
        <mark key="]" line="25" column="3" />
        <mark key="^" line="25" column="3" />
        <mark key="." line="25" column="3" />
      </file>
      <file name="$USER_HOME$/bynk/process-manager/process-core/src/main/scala/se/bynk/loan/application/domain/checkout/CheckoutApplicationEvent.scala" timestamp="1550061777271">
        <mark key="'" line="29" column="11" />
        <mark key="[" line="51" column="65" />
        <mark key="]" line="51" column="65" />
        <mark key="." line="51" column="65" />
        <mark key="^" line="51" column="65" />
      </file>
      <file name="$USER_HOME$/bynk/process-manager/process-core/src/main/scala/se/bynk/loan/application/domain/checkout/CheckoutApplicationState.scala" timestamp="1550064077518">
        <mark key="[" line="19" column="37" />
        <mark key="]" line="19" column="64" />
        <mark key="." line="19" column="64" />
        <mark key="^" line="19" column="64" />
      </file>
      <file name="$APPLICATION_CONFIG_DIR$/scratches/scratch.json" timestamp="1550502399134">
        <mark key="[" line="2" column="22" />
        <mark key="]" line="2" column="57" />
        <mark key="." line="2" column="57" />
        <mark key="^" line="2" column="57" />
      </file>
      <file name="$USER_HOME$/bynk/process-manager/process-core/src/main/scala/se/bynk/loan/application/domain/accountcredit/active/AccountCreditEvent.scala" timestamp="1550590915312">
        <mark key="'" line="90" column="1" />
        <mark key="[" line="36" column="27" />
        <mark key="]" line="37" column="36" />
        <mark key="^" line="37" column="36" />
        <mark key="." line="37" column="36" />
      </file>
      <file name="$USER_HOME$/bynk/process-manager/process-core/src/main/scala/se/bynk/loan/application/domain/checkout/CheckoutApplicationCommand.scala" timestamp="1550053297095">
        <mark key="[" line="20" column="2" />
        <mark key="]" line="20" column="2" />
        <mark key="." line="20" column="2" />
        <mark key="^" line="20" column="1" />
      </file>
      <file name="$USER_HOME$/bynk/checkout-payment-service/src/test/scala/se/bynk/checkout/domain/service/CloseTransactionServiceTest.scala" timestamp="1550560704925">
        <mark key="[" line="95" column="44" />
        <mark key="]" line="95" column="42" />
        <mark key="." line="95" column="42" />
        <mark key="^" line="95" column="42" />
      </file>
      <file name="$USER_HOME$/bynk/process-manager/process-core/src/main/scala/se/bynk/loan/webentry/WebKafkaProducer.scala" timestamp="1550582182503">
        <mark key="[" line="46" column="17" />
        <mark key="]" line="46" column="16" />
        <mark key="." line="46" column="16" />
        <mark key="^" line="46" column="16" />
      </file>
      <file name="$USER_HOME$/bynk/process-manager/process-core/src/main/scala/se/bynk/loan/application/resolutionautomation/ResolutionAutomationProcessManager.scala" timestamp="1550654009788">
        <mark key="[" line="69" column="0" />
        <mark key="]" line="69" column="44" />
      </file>
      <file name="$USER_HOME$/bynk/credit-score-service/minimalApplication-0.1.9/build.sc" timestamp="1550141931186">
        <mark key="[" line="18" column="0" />
        <mark key="]" line="18" column="0" />
        <mark key="^" line="17" column="31" />
        <mark key="." line="18" column="0" />
      </file>
      <file name="$USER_HOME$/bynk/process-manager/process-core/src/main/scala/se/bynk/loan/application/domain/checkout/CheckoutApplicationManager.scala" timestamp="1550064306514">
        <mark key="'" line="0" column="0" />
        <mark key="[" line="195" column="90" />
        <mark key="]" line="195" column="90" />
        <mark key="^" line="195" column="90" />
        <mark key="." line="195" column="90" />
      </file>
      <file name="$USER_HOME$/bynk/process-manager/process-core/src/main/scala/se/bynk/loan/scoring/BasisForCalculation.scala" timestamp="1550645145951">
        <mark key="'" line="13" column="0" />
      </file>
      <file name="$USER_HOME$/bynk/bank-backend/backend-integration/src/main/scala/se/bynk/bankbackend/webservices/TransactionService.scala" timestamp="1550736272915">
        <mark key="[" line="93" column="28" />
        <mark key="]" line="93" column="27" />
        <mark key="^" line="93" column="27" />
        <mark key="." line="93" column="27" />
      </file>
      <file name="$USER_HOME$/bynk/invoice-service/invoice/src/main/scala/se/bynk/invoiceservice/xml/data/Invoice.scala" timestamp="1550586851466">
        <mark key="'" line="11" column="0" />
        <mark key="[" line="83" column="15" />
        <mark key="]" line="83" column="15" />
        <mark key="." line="83" column="15" />
        <mark key="^" line="51" column="7" />
      </file>
      <file name="$USER_HOME$/bynk/invoice-service/invoice/src/test/scala/se/bynk/invoiceservice/pdf/AccountCreditPdfGenerationSpec.scala" timestamp="1550481413745">
        <mark key="[" line="18" column="77" />
        <mark key="]" line="18" column="93" />
        <mark key="^" line="18" column="93" />
        <mark key="." line="18" column="93" />
      </file>
      <file name="$USER_HOME$/bynk/process-manager/process-core/src/main/scala/se/bynk/loan/application/domain/scoring/ScoringManager.scala" timestamp="1550152440252">
        <mark key="'" line="155" column="42" />
        <mark key="[" line="33" column="66" />
        <mark key="]" line="33" column="67" />
        <mark key="." line="33" column="67" />
        <mark key="^" line="33" column="67" />
      </file>
      <file name="$USER_HOME$/bynk/credit-score-service/src/main/scala/se/bynk/creditscoreservice/pep/PEPServiceConsumerActor.scala" timestamp="1550151813504">
        <mark key="[" line="64" column="5" />
        <mark key="]" line="65" column="6" />
        <mark key="^" line="65" column="6" />
        <mark key="." line="65" column="6" />
      </file>
      <file name="/fragment.java" timestamp="1550562005905">
        <mark key="[" line="0" column="0" />
      </file>
      <file name="$USER_HOME$/bynk/credit-score-service/pep-test-server/src/PEPTestApp.scala" timestamp="1550140869427">
        <mark key="[" line="12" column="0" />
        <mark key="]" line="12" column="0" />
        <mark key="." line="12" column="0" />
        <mark key="^" line="0" column="40" />
      </file>
      <file name="$USER_HOME$/bynk/credit-score-service/minimalApplication-0.1.9 2/app/src/MinimalApplication.scala" timestamp="1550141038080">
        <mark key="[" line="1" column="19" />
      </file>
      <file name="$USER_HOME$/bynk/invoice-service/invoice/src/main/java/se/bynk/invoiceservice/AccountCreditInvoicePdfCreator.java" timestamp="1550486107397">
        <mark key="'" line="124" column="23" />
        <mark key="[" line="22" column="0" />
        <mark key="]" line="22" column="0" />
        <mark key="^" line="23" column="43" />
        <mark key="." line="22" column="0" />
      </file>
      <file name="$USER_HOME$/bynk/invoice-service/.scalafmt.conf" timestamp="1550572853000">
        <mark key="[" line="0" column="0" />
        <mark key="]" line="14" column="31" />
        <mark key="^" line="14" column="31" />
        <mark key="." line="14" column="31" />
      </file>
    </filemarks>
    <jumps>
      <jump line="196" column="0" filename="$USER_HOME$/bynk/bank-backend/backend-integration/src/main/scala/se/bynk/bankbackend/webservices/AccountService.scala" />
      <jump line="194" column="0" filename="$USER_HOME$/bynk/bank-backend/backend-integration/src/main/scala/se/bynk/bankbackend/webservices/AccountService.scala" />
      <jump line="189" column="0" filename="$USER_HOME$/bynk/bank-backend/backend-integration/src/main/scala/se/bynk/bankbackend/webservices/AccountService.scala" />
      <jump line="185" column="0" filename="$USER_HOME$/bynk/bank-backend/backend-integration/src/main/scala/se/bynk/bankbackend/webservices/AccountService.scala" />
      <jump line="182" column="0" filename="$USER_HOME$/bynk/bank-backend/backend-integration/src/main/scala/se/bynk/bankbackend/webservices/AccountService.scala" />
      <jump line="177" column="0" filename="$USER_HOME$/bynk/bank-backend/backend-integration/src/main/scala/se/bynk/bankbackend/webservices/AccountService.scala" />
      <jump line="154" column="0" filename="$USER_HOME$/bynk/bank-backend/backend-integration/src/main/scala/se/bynk/bankbackend/webservices/AccountService.scala" />
      <jump line="141" column="0" filename="$USER_HOME$/bynk/bank-backend/backend-integration/src/main/scala/se/bynk/bankbackend/webservices/AccountService.scala" />
      <jump line="135" column="0" filename="$USER_HOME$/bynk/bank-backend/backend-integration/src/main/scala/se/bynk/bankbackend/webservices/AccountService.scala" />
      <jump line="130" column="0" filename="$USER_HOME$/bynk/bank-backend/backend-integration/src/main/scala/se/bynk/bankbackend/webservices/AccountService.scala" />
      <jump line="127" column="0" filename="$USER_HOME$/bynk/bank-backend/backend-integration/src/main/scala/se/bynk/bankbackend/webservices/AccountService.scala" />
      <jump line="121" column="0" filename="$USER_HOME$/bynk/bank-backend/backend-integration/src/main/scala/se/bynk/bankbackend/webservices/AccountService.scala" />
      <jump line="118" column="0" filename="$USER_HOME$/bynk/bank-backend/backend-integration/src/main/scala/se/bynk/bankbackend/webservices/AccountService.scala" />
      <jump line="110" column="0" filename="$USER_HOME$/bynk/bank-backend/backend-integration/src/main/scala/se/bynk/bankbackend/webservices/AccountService.scala" />
      <jump line="103" column="0" filename="$USER_HOME$/bynk/bank-backend/backend-integration/src/main/scala/se/bynk/bankbackend/webservices/AccountService.scala" />
      <jump line="92" column="0" filename="$USER_HOME$/bynk/bank-backend/backend-integration/src/main/scala/se/bynk/bankbackend/webservices/AccountService.scala" />
      <jump line="87" column="0" filename="$USER_HOME$/bynk/bank-backend/backend-integration/src/main/scala/se/bynk/bankbackend/webservices/AccountService.scala" />
      <jump line="83" column="0" filename="$USER_HOME$/bynk/bank-backend/backend-integration/src/main/scala/se/bynk/bankbackend/webservices/AccountService.scala" />
      <jump line="75" column="0" filename="$USER_HOME$/bynk/bank-backend/backend-integration/src/main/scala/se/bynk/bankbackend/webservices/AccountService.scala" />
      <jump line="73" column="0" filename="$USER_HOME$/bynk/bank-backend/backend-integration/src/main/scala/se/bynk/bankbackend/webservices/AccountService.scala" />
      <jump line="63" column="0" filename="$USER_HOME$/bynk/bank-backend/backend-integration/src/main/scala/se/bynk/bankbackend/webservices/AccountService.scala" />
      <jump line="61" column="0" filename="$USER_HOME$/bynk/bank-backend/backend-integration/src/main/scala/se/bynk/bankbackend/webservices/AccountService.scala" />
      <jump line="59" column="0" filename="$USER_HOME$/bynk/bank-backend/backend-integration/src/main/scala/se/bynk/bankbackend/webservices/AccountService.scala" />
      <jump line="57" column="0" filename="$USER_HOME$/bynk/bank-backend/backend-integration/src/main/scala/se/bynk/bankbackend/webservices/AccountService.scala" />
      <jump line="34" column="0" filename="$USER_HOME$/bynk/bank-backend/backend-integration/src/main/scala/se/bynk/bankbackend/webservices/AccountService.scala" />
      <jump line="29" column="0" filename="$USER_HOME$/bynk/bank-backend/backend-integration/src/main/scala/se/bynk/bankbackend/webservices/AccountService.scala" />
      <jump line="27" column="0" filename="$USER_HOME$/bynk/bank-backend/backend-integration/src/main/scala/se/bynk/bankbackend/webservices/AccountService.scala" />
      <jump line="1" column="0" filename="$USER_HOME$/bynk/bank-backend/backend-integration/src/main/scala/se/bynk/bankbackend/webservices/AccountService.scala" />
      <jump line="0" column="0" filename="$USER_HOME$/bynk/bank-backend/backend-integration/src/main/scala/se/bynk/bankbackend/webservices/AccountService.scala" />
      <jump line="395" column="27" filename="$USER_HOME$/bynk/bank-backend/backend-integration/src/main/scala/se/bynk/bankbackend/webservices/AccountService.scala" />
      <jump line="256" column="0" filename="$USER_HOME$/bynk/bank-backend/backend-integration/src/main/scala/se/bynk/bankbackend/webservices/AccountService.scala" />
      <jump line="263" column="0" filename="$USER_HOME$/bynk/bank-backend/backend-integration/src/main/scala/se/bynk/bankbackend/webservices/AccountService.scala" />
      <jump line="265" column="0" filename="$USER_HOME$/bynk/bank-backend/backend-integration/src/main/scala/se/bynk/bankbackend/webservices/AccountService.scala" />
      <jump line="268" column="0" filename="$USER_HOME$/bynk/bank-backend/backend-integration/src/main/scala/se/bynk/bankbackend/webservices/AccountService.scala" />
      <jump line="274" column="0" filename="$USER_HOME$/bynk/bank-backend/backend-integration/src/main/scala/se/bynk/bankbackend/webservices/AccountService.scala" />
      <jump line="285" column="0" filename="$USER_HOME$/bynk/bank-backend/backend-integration/src/main/scala/se/bynk/bankbackend/webservices/AccountService.scala" />
      <jump line="291" column="0" filename="$USER_HOME$/bynk/bank-backend/backend-integration/src/main/scala/se/bynk/bankbackend/webservices/AccountService.scala" />
      <jump line="303" column="0" filename="$USER_HOME$/bynk/bank-backend/backend-integration/src/main/scala/se/bynk/bankbackend/webservices/AccountService.scala" />
      <jump line="305" column="0" filename="$USER_HOME$/bynk/bank-backend/backend-integration/src/main/scala/se/bynk/bankbackend/webservices/AccountService.scala" />
      <jump line="308" column="0" filename="$USER_HOME$/bynk/bank-backend/backend-integration/src/main/scala/se/bynk/bankbackend/webservices/AccountService.scala" />
      <jump line="311" column="0" filename="$USER_HOME$/bynk/bank-backend/backend-integration/src/main/scala/se/bynk/bankbackend/webservices/AccountService.scala" />
      <jump line="329" column="0" filename="$USER_HOME$/bynk/bank-backend/backend-integration/src/main/scala/se/bynk/bankbackend/webservices/AccountService.scala" />
      <jump line="335" column="0" filename="$USER_HOME$/bynk/bank-backend/backend-integration/src/main/scala/se/bynk/bankbackend/webservices/AccountService.scala" />
      <jump line="344" column="0" filename="$USER_HOME$/bynk/bank-backend/backend-integration/src/main/scala/se/bynk/bankbackend/webservices/AccountService.scala" />
      <jump line="355" column="0" filename="$USER_HOME$/bynk/bank-backend/backend-integration/src/main/scala/se/bynk/bankbackend/webservices/AccountService.scala" />
      <jump line="358" column="0" filename="$USER_HOME$/bynk/bank-backend/backend-integration/src/main/scala/se/bynk/bankbackend/webservices/AccountService.scala" />
      <jump line="360" column="0" filename="$USER_HOME$/bynk/bank-backend/backend-integration/src/main/scala/se/bynk/bankbackend/webservices/AccountService.scala" />
      <jump line="430" column="0" filename="$USER_HOME$/bynk/bank-backend/backend-integration/src/main/scala/se/bynk/bankbackend/webservices/AccountService.scala" />
      <jump line="425" column="0" filename="$USER_HOME$/bynk/bank-backend/backend-integration/src/main/scala/se/bynk/bankbackend/webservices/AccountService.scala" />
      <jump line="422" column="0" filename="$USER_HOME$/bynk/bank-backend/backend-integration/src/main/scala/se/bynk/bankbackend/webservices/AccountService.scala" />
      <jump line="413" column="0" filename="$USER_HOME$/bynk/bank-backend/backend-integration/src/main/scala/se/bynk/bankbackend/webservices/AccountService.scala" />
      <jump line="410" column="0" filename="$USER_HOME$/bynk/bank-backend/backend-integration/src/main/scala/se/bynk/bankbackend/webservices/AccountService.scala" />
      <jump line="407" column="0" filename="$USER_HOME$/bynk/bank-backend/backend-integration/src/main/scala/se/bynk/bankbackend/webservices/AccountService.scala" />
      <jump line="404" column="0" filename="$USER_HOME$/bynk/bank-backend/backend-integration/src/main/scala/se/bynk/bankbackend/webservices/AccountService.scala" />
      <jump line="399" column="0" filename="$USER_HOME$/bynk/bank-backend/backend-integration/src/main/scala/se/bynk/bankbackend/webservices/AccountService.scala" />
      <jump line="393" column="0" filename="$USER_HOME$/bynk/bank-backend/backend-integration/src/main/scala/se/bynk/bankbackend/webservices/AccountService.scala" />
      <jump line="390" column="0" filename="$USER_HOME$/bynk/bank-backend/backend-integration/src/main/scala/se/bynk/bankbackend/webservices/AccountService.scala" />
      <jump line="386" column="0" filename="$USER_HOME$/bynk/bank-backend/backend-integration/src/main/scala/se/bynk/bankbackend/webservices/AccountService.scala" />
      <jump line="376" column="0" filename="$USER_HOME$/bynk/bank-backend/backend-integration/src/main/scala/se/bynk/bankbackend/webservices/AccountService.scala" />
      <jump line="374" column="0" filename="$USER_HOME$/bynk/bank-backend/backend-integration/src/main/scala/se/bynk/bankbackend/webservices/AccountService.scala" />
      <jump line="372" column="0" filename="$USER_HOME$/bynk/bank-backend/backend-integration/src/main/scala/se/bynk/bankbackend/webservices/AccountService.scala" />
      <jump line="368" column="0" filename="$USER_HOME$/bynk/bank-backend/backend-integration/src/main/scala/se/bynk/bankbackend/webservices/AccountService.scala" />
      <jump line="362" column="0" filename="$USER_HOME$/bynk/bank-backend/backend-integration/src/main/scala/se/bynk/bankbackend/webservices/AccountService.scala" />
      <jump line="365" column="0" filename="$USER_HOME$/bynk/bank-backend/backend-integration/src/main/scala/se/bynk/bankbackend/webservices/AccountService.scala" />
      <jump line="321" column="0" filename="$USER_HOME$/bynk/bank-backend/backend-integration/src/main/scala/se/bynk/bankbackend/webservices/AccountService.scala" />
      <jump line="295" column="0" filename="$USER_HOME$/bynk/bank-backend/backend-integration/src/main/scala/se/bynk/bankbackend/webservices/AccountService.scala" />
      <jump line="298" column="0" filename="$USER_HOME$/bynk/bank-backend/backend-integration/src/main/scala/se/bynk/bankbackend/webservices/AccountService.scala" />
      <jump line="313" column="0" filename="$USER_HOME$/bynk/bank-backend/backend-integration/src/main/scala/se/bynk/bankbackend/webservices/AccountService.scala" />
      <jump line="319" column="0" filename="$USER_HOME$/bynk/bank-backend/backend-integration/src/main/scala/se/bynk/bankbackend/webservices/AccountService.scala" />
      <jump line="324" column="12" filename="$USER_HOME$/bynk/bank-backend/backend-integration/src/main/scala/se/bynk/bankbackend/webservices/AccountService.scala" />
      <jump line="145" column="32" filename="$USER_HOME$/bynk/checkout-payment-service/src/test/scala/se/bynk/checkout/test/LocalTestActor.scala" />
      <jump line="141" column="0" filename="$USER_HOME$/bynk/checkout-payment-service/src/test/scala/se/bynk/checkout/test/LocalTestActor.scala" />
      <jump line="132" column="0" filename="$USER_HOME$/bynk/checkout-payment-service/src/test/scala/se/bynk/checkout/test/LocalTestActor.scala" />
      <jump line="125" column="0" filename="$USER_HOME$/bynk/checkout-payment-service/src/test/scala/se/bynk/checkout/test/LocalTestActor.scala" />
      <jump line="123" column="0" filename="$USER_HOME$/bynk/checkout-payment-service/src/test/scala/se/bynk/checkout/test/LocalTestActor.scala" />
      <jump line="93" column="0" filename="$USER_HOME$/bynk/checkout-payment-service/src/test/scala/se/bynk/checkout/test/LocalTestActor.scala" />
      <jump line="100" column="0" filename="$USER_HOME$/bynk/checkout-payment-service/src/test/scala/se/bynk/checkout/test/LocalTestActor.scala" />
      <jump line="107" column="0" filename="$USER_HOME$/bynk/checkout-payment-service/src/test/scala/se/bynk/checkout/test/LocalTestActor.scala" />
      <jump line="109" column="0" filename="$USER_HOME$/bynk/checkout-payment-service/src/test/scala/se/bynk/checkout/test/LocalTestActor.scala" />
      <jump line="115" column="0" filename="$USER_HOME$/bynk/checkout-payment-service/src/test/scala/se/bynk/checkout/test/LocalTestActor.scala" />
      <jump line="117" column="0" filename="$USER_HOME$/bynk/checkout-payment-service/src/test/scala/se/bynk/checkout/test/LocalTestActor.scala" />
      <jump line="150" column="4" filename="$USER_HOME$/bynk/bank-backend/backend-integration/src/main/scala/se/bynk/bankbackend/webservices/CheckoutManager.scala" />
      <jump line="149" column="3" filename="$USER_HOME$/bynk/bank-backend/backend-integration/src/main/scala/se/bynk/bankbackend/webservices/CheckoutManager.scala" />
      <jump line="171" column="4" filename="$USER_HOME$/bynk/bank-backend/backend-integration/src/main/scala/se/bynk/bankbackend/webservices/CheckoutManager.scala" />
      <jump line="702" column="6" filename="$USER_HOME$/bynk/bank-backend/backend-integration/src/main/scala/se/bynk/bankbackend/webservices/AccountService.scala" />
      <jump line="701" column="0" filename="$USER_HOME$/bynk/bank-backend/backend-integration/src/main/scala/se/bynk/bankbackend/webservices/AccountService.scala" />
      <jump line="687" column="0" filename="$USER_HOME$/bynk/bank-backend/backend-integration/src/main/scala/se/bynk/bankbackend/webservices/AccountService.scala" />
      <jump line="683" column="0" filename="$USER_HOME$/bynk/bank-backend/backend-integration/src/main/scala/se/bynk/bankbackend/webservices/AccountService.scala" />
      <jump line="672" column="0" filename="$USER_HOME$/bynk/bank-backend/backend-integration/src/main/scala/se/bynk/bankbackend/webservices/AccountService.scala" />
      <jump line="669" column="0" filename="$USER_HOME$/bynk/bank-backend/backend-integration/src/main/scala/se/bynk/bankbackend/webservices/AccountService.scala" />
      <jump line="322" column="6" filename="$USER_HOME$/bynk/bank-backend/backend-integration/src/main/scala/se/bynk/bankbackend/webservices/AccountService.scala" />
      <jump line="323" column="0" filename="$USER_HOME$/bynk/bank-backend/backend-integration/src/main/scala/se/bynk/bankbackend/webservices/AccountService.scala" />
      <jump line="326" column="0" filename="$USER_HOME$/bynk/bank-backend/backend-integration/src/main/scala/se/bynk/bankbackend/webservices/AccountService.scala" />
      <jump line="331" column="0" filename="$USER_HOME$/bynk/bank-backend/backend-integration/src/main/scala/se/bynk/bankbackend/webservices/AccountService.scala" />
      <jump line="333" column="0" filename="$USER_HOME$/bynk/bank-backend/backend-integration/src/main/scala/se/bynk/bankbackend/webservices/AccountService.scala" />
      <jump line="337" column="0" filename="$USER_HOME$/bynk/bank-backend/backend-integration/src/main/scala/se/bynk/bankbackend/webservices/AccountService.scala" />
      <jump line="339" column="0" filename="$USER_HOME$/bynk/bank-backend/backend-integration/src/main/scala/se/bynk/bankbackend/webservices/AccountService.scala" />
      <jump line="349" column="0" filename="$USER_HOME$/bynk/bank-backend/backend-integration/src/main/scala/se/bynk/bankbackend/webservices/AccountService.scala" />
      <jump line="351" column="0" filename="$USER_HOME$/bynk/bank-backend/backend-integration/src/main/scala/se/bynk/bankbackend/webservices/AccountService.scala" />
      <jump line="354" column="0" filename="$USER_HOME$/bynk/bank-backend/backend-integration/src/main/scala/se/bynk/bankbackend/webservices/AccountService.scala" />
    </jumps>
    <registers>
      <register name="&quot;" type="2">
        <text encoding="base64">ICAgIHZhbCBpbnZvaWNlRHVlRGF0ZSA9IEN1cnJlbnRCYW5rRGF0ZS5jdXJyZW50RGF0ZS5wbHVzRGF5cygxKQogICAgYWNjb3VudFNlcnZpY2UudXBkYXRlSW52b2ljZUR1ZURhdGUoYnV5ZXJBY2NvdW50SWQsIGludm9pY2VEdWVEYXRlKQo=</text>
      </register>
      <register name="-" type="4">
        <text>ö new Account()</text>
      </register>
      <register name="/" type="4">
        <text encoding="base64">XDwpXD4=</text>
      </register>
      <register name="0" type="2">
        <text encoding="base64">ICAgIHZhbCBpbnZvaWNlRHVlRGF0ZSA9IEN1cnJlbnRCYW5rRGF0ZS5jdXJyZW50RGF0ZS5wbHVzRGF5cygxKQogICAgYWNjb3VudFNlcnZpY2UudXBkYXRlSW52b2ljZUR1ZURhdGUoYnV5ZXJBY2NvdW50SWQsIGludm9pY2VEdWVEYXRlKQo=</text>
      </register>
      <register name="1" type="2">
        <text encoding="base64">ICAgIHZhbCBpbnZvaWNlRHVlRGF0ZSA9IEN1cnJlbnRCYW5rRGF0ZS5jdXJyZW50RGF0ZS5wbHVzRGF5cygxKQogICAgYWNjb3VudFNlcnZpY2UudXBkYXRlSW52b2ljZUR1ZURhdGUoYnV5ZXJBY2NvdW50SWQsIGludm9pY2VEdWVEYXRlKQo=</text>
      </register>
      <register name="2" type="2">
        <text encoding="base64">ICAgIGFjY291bnRTZXJ2aWNlLmFjdGl2YXRlQWNjb3VudChidXllckFjY291bnRJZCkK</text>
      </register>
      <register name="3" type="2">
        <text encoding="base64">ICAgIHZhbCBpbnZvaWNlRHVlRGF0ZSA9IEN1cnJlbnRCYW5rRGF0ZS5jdXJyZW50RGF0ZS5wbHVzRGF5cygxKQogICAgYWNjb3VudFNlcnZpY2UudXBkYXRlSW52b2ljZUR1ZURhdGUoYnV5ZXJBY2NvdW50SWQsIGludm9pY2VEdWVEYXRlKQo=</text>
      </register>
      <register name="4" type="2">
        <text encoding="base64">ICAgIHZhbCBpbnZvaWNlRHVlRGF0ZSA9IEN1cnJlbnRCYW5rRGF0ZS5jdXJyZW50RGF0ZS5wbHVzRGF5cygxKQogICAgYWNjb3VudFNlcnZpY2UudXBkYXRlSW52b2ljZUR1ZURhdGUoYnV5ZXJBY2NvdW50SWQsIGludm9pY2VEdWVEYXRlKQo=</text>
      </register>
      <register name="5" type="2">
        <text encoding="base64">ICAgIGFjY291bnRTZXJ2aWNlLnVwZGF0ZUludm9pY2VEdWVEYXRlKGJ1eWVyQWNjb3VudElkLCBpbnZvaWNlRHVlRGF0ZSkK</text>
      </register>
      <register name="6" type="2">
        <text encoding="base64">ICAgIHZhbCBpbnZvaWNlRHVlRGF0ZSA9IEN1cnJlbnRCYW5rRGF0ZS5jdXJyZW50RGF0ZS5wbHVzRGF5cygxKQo=</text>
      </register>
      <register name="7" type="2">
        <text encoding="base64">ICAgIGFjY291bnRTZXJ2aWNlLnVwZGF0ZUludm9pY2VEdWVEYXRlKGJ1eWVyQWNjb3VudElkLCBpbnZvaWNlRHVlRGF0ZSkK</text>
      </register>
      <register name="8" type="2">
        <text encoding="base64">ICAgIHZhbCBpbnZvaWNlRHVlRGF0ZSA9IEN1cnJlbnRCYW5rRGF0ZS5jdXJyZW50RGF0ZS5wbHVzRGF5cygxKQo=</text>
      </register>
      <register name="9" type="2">
        <text encoding="base64">ICAgIGFjY291bnRTZXJ2aWNlLnVwZGF0ZUludm9pY2VEdWVEYXRlKGJ1eWVyQWNjb3VudElkLCBpbnZvaWNlRHVlRGF0ZSkK</text>
      </register>
      <register name=":" type="4">
        <text>set number</text>
      </register>
    </registers>
    <search>
      <last-search encoding="base64">XDwpXD4=</last-search>
      <last-offset />
      <last-pattern encoding="base64">XDwpXD4=</last-pattern>
      <last-replace>FONT</last-replace>
      <last-substitute>PDType1Font.HELVETICA</last-substitute>
      <last-dir>1</last-dir>
      <show-last>false</show-last>
    </search>
    <history>
      <history-search>
        <entry>\,</entry>
        <entry>intrest</entry>
        <entry>document</entry>
        <entry>20</entry>
        <entry encoding="base64">PjIwPA==</entry>
        <entry encoding="base64">PGludm9pY2U=</entry>
        <entry>305</entry>
        <entry>2000</entry>
        <entry>Totalt</entry>
        <entry>nextDue</entry>
        <entry>(1)</entry>
        <entry>BigDecimal</entry>
        <entry>admin</entry>
        <entry>235</entry>
        <entry>255</entry>
        <entry>250</entry>
        <entry>PDType1Font.HELVETICA</entry>
        <entry>total</entry>
        <entry encoding="base64">IHNpZ24=</entry>
        <entry encoding="base64">XDwpXD4=</entry>
      </history-search>
      <history-cmd>
        <entry>s/1.0.3/1.2.7</entry>
        <entry>%s/AccountCreditApplication/CheckoutApplication/g</entry>
        <entry>%s/AccountCredit/Checkout</entry>
        <entry>%s/account-credit/checkout/g</entry>
        <entry>%s/AccountCredit/Checkout/g</entry>
        <entry>s/AccountCreditEvent/CheckoutApplicationEvent/g</entry>
        <entry>s/CheckoutApplicationEvent/CheckoutApplicationCommand</entry>
        <entry>%s/CheckoutApplicationEvent/CheckoutApplicationCommand/g</entry>
        <entry>%s/CheckoutApplicationEvent/Payload/g</entry>
        <entry>s/data.//g</entry>
        <entry>delmarks 9</entry>
        <entry>delmarks</entry>
        <entry>%s/exampleUser/postgres/g</entry>
        <entry>s/\,/,\r/g</entry>
        <entry>s/235/255/g</entry>
        <entry>s/255/250/g</entry>
        <entry>s/250/255/g</entry>
        <entry>%s/PDType1Font.HELVETICA/FONT/g</entry>
        <entry>set absolutelinenumbers</entry>
        <entry>set number</entry>
      </history-cmd>
      <history-expr />
      <history-input />
    </history>
    <shortcut-conflicts>
      <shortcut-conflict owner="vim">
        <text>ctrl pressed R</text>
      </shortcut-conflict>
      <shortcut-conflict owner="vim">
        <text>ctrl pressed D</text>
      </shortcut-conflict>
      <shortcut-conflict owner="vim">
        <text>ctrl pressed E</text>
      </shortcut-conflict>
      <shortcut-conflict owner="vim">
        <text>ctrl pressed O</text>
      </shortcut-conflict>
      <shortcut-conflict owner="vim">
        <text>ctrl pressed V</text>
      </shortcut-conflict>
      <shortcut-conflict owner="vim">
        <text>ctrl pressed G</text>
      </shortcut-conflict>
      <shortcut-conflict owner="vim">
        <text>pressed F7</text>
      </shortcut-conflict>
      <shortcut-conflict owner="vim">
        <text>ctrl pressed I</text>
      </shortcut-conflict>
    </shortcut-conflicts>
  </component>
</application>