<application>
  <component name="VimSettings">
    <state version="4" enabled="true" />
    <globalmarks />
    <filemarks>
      <file name="$USER_HOME$/bynk/process-manager/process-core/src/main/scala/se/bynk/loan/application/domain/scoring/CheckoutLoanFacade.scala" timestamp="1554290154802">
        <mark key="[" line="40" column="61" />
        <mark key="]" line="40" column="61" />
        <mark key="^" line="40" column="66" />
        <mark key="." line="40" column="61" />
      </file>
      <file name="$USER_HOME$/bynk/process-manager/process-core/src/main/scala/se/bynk/loan/application/domain/LoanApplicationProcessManager.scala" timestamp="1554300609763">
        <mark key="'" line="12" column="43" />
      </file>
      <file name="$USER_HOME$/bynk/loan-data-core/core/src/main/scala/se/bynk/loan/core/bqbank/commands/BQServiceResponses.scala" timestamp="1554289550296">
        <mark key="'" line="57" column="30" />
        <mark key="[" line="7" column="0" />
        <mark key="]" line="7" column="0" />
        <mark key="." line="7" column="0" />
      </file>
      <file name="$USER_HOME$/bynk/checkout-loan-service/src/test/scala/se/bynk/checkout/LocalTestActor.scala" timestamp="1554280429026">
        <mark key="[" line="41" column="0" />
        <mark key="]" line="47" column="36" />
        <mark key="." line="47" column="36" />
      </file>
      <file name="$USER_HOME$/bynk/loan-data-core/core/src/main/scala/se/bynk/loan/core/CustomerInformation.scala" timestamp="1554289524772">
        <mark key="[" line="2" column="10" />
        <mark key="]" line="2" column="9" />
        <mark key="." line="2" column="9" />
        <mark key="^" line="2" column="9" />
      </file>
      <file name="$USER_HOME$/bynk/checkout-loan-service/src/main/scala/se/bynk/checkout/api/ExternalMsgWorker.scala" timestamp="1554282453828">
        <mark key="'" line="60" column="5" />
        <mark key="[" line="20" column="0" />
        <mark key="]" line="20" column="0" />
        <mark key="." line="20" column="0" />
      </file>
      <file name="$USER_HOME$/bynk/checkout-loan-service/src/main/scala/se/bynk/checkout/api/messages/Event.scala" timestamp="1554281756997">
        <mark key="'" line="100" column="0" />
        <mark key="[" line="25" column="10" />
        <mark key="]" line="25" column="9" />
        <mark key="." line="25" column="9" />
        <mark key="^" line="25" column="9" />
      </file>
      <file name="$USER_HOME$/bynk/checkout-credit-score-service/src/test/scala/se/bynk/checkout/LocalTestActor.scala" timestamp="1554271967726">
        <mark key="[" line="76" column="54" />
        <mark key="]" line="76" column="58" />
        <mark key="." line="76" column="58" />
        <mark key="^" line="76" column="58" />
      </file>
      <file name="/sbtShell" timestamp="1554295197581">
        <mark key="[" line="0" column="0" />
      </file>
      <file name="$APPLICATION_CONFIG_DIR$/scratches/scratch_7.scala" timestamp="1554279926115">
        <mark key="[" line="0" column="0" />
        <mark key="]" line="4" column="1" />
        <mark key="^" line="0" column="9" />
        <mark key="." line="0" column="9" />
      </file>
      <file name="$USER_HOME$/bynk/checkout-credit-score-service/src/main/scala/se/bynk/checkout/api/CreditScoreMessage.scala" timestamp="1554272442167">
        <mark key="[" line="22" column="0" />
        <mark key="]" line="22" column="4" />
        <mark key="." line="22" column="4" />
        <mark key="^" line="20" column="31" />
      </file>
      <file name="$USER_HOME$/bynk/loan-data-core/core/src/main/scala/se/bynk/loan/collaboration/command/KafkaMessage.scala" timestamp="1554284254601">
        <mark key="[" line="2" column="0" />
        <mark key="]" line="2" column="0" />
        <mark key="^" line="15" column="10" />
        <mark key="." line="2" column="0" />
      </file>
      <file name="$USER_HOME$/bynk/checkout-credit-score-service/src/main/scala/se/bynk/checkout/api/CreditScoreSupervisorActor.scala" timestamp="1554274828630">
        <mark key="[" line="81" column="44" />
        <mark key="]" line="81" column="44" />
        <mark key="." line="81" column="44" />
        <mark key="^" line="93" column="43" />
      </file>
      <file name="$USER_HOME$/bynk/process-manager/process-core/src/main/scala/se/bynk/loan/application/collaborators/kafka/KafkaWriter.scala" timestamp="1554295460359">
        <mark key="[" line="6" column="0" />
        <mark key="]" line="6" column="0" />
        <mark key="." line="6" column="0" />
        <mark key="^" line="13" column="38" />
      </file>
      <file name="/Dummy.txt" timestamp="1554360940626">
        <mark key="[" line="0" column="0" />
      </file>
      <file name="$USER_HOME$/bynk/checkout-credit-score-service/src/main/scala/se/bynk/checkout/api/FullCreditScoreActor.scala" timestamp="1554279477263">
        <mark key="'" line="184" column="17" />
        <mark key="[" line="133" column="0" />
        <mark key="]" line="133" column="4" />
        <mark key="^" line="133" column="5" />
        <mark key="." line="133" column="4" />
      </file>
      <file name="$USER_HOME$/bynk/checkout-credit-score-service/src/main/scala/se/bynk/checkout/kafka/KafkaProducer.scala" timestamp="1554279444008">
        <mark key="[" line="22" column="14" />
        <mark key="]" line="22" column="42" />
        <mark key="." line="39" column="53" />
        <mark key="^" line="39" column="53" />
      </file>
      <file name="$USER_HOME$/bynk/checkout-loan-service/src/main/scala/se/bynk/checkout/kafka/KafkaProducer.scala" timestamp="1554278344563">
        <mark key="[" line="22" column="0" />
        <mark key="]" line="22" column="0" />
        <mark key="." line="22" column="0" />
      </file>
      <file name="/Dockerfile.builder" timestamp="1554360913795" />
      <file name="$USER_HOME$/bynk/loan-data-core/core/src/main/scala/se/bynk/loan/collaboration/dataobjects/ScoreDecisionInfo.scala" timestamp="1554289991411">
        <mark key="[" line="16" column="24" />
        <mark key="]" line="16" column="24" />
        <mark key="." line="16" column="24" />
      </file>
      <file name="$USER_HOME$/bynk/checkout-loan-service/src/main/scala/se/bynk/checkout/api/Topics.scala" timestamp="1554282337015">
        <mark key="[" line="12" column="24" />
        <mark key="]" line="12" column="46" />
        <mark key="." line="12" column="46" />
        <mark key="^" line="12" column="46" />
      </file>
      <file name="$USER_HOME$/bynk/process-manager/process-core/src/main/scala/se/bynk/loan/ConfigKeys.scala" timestamp="1554282375254">
        <mark key="[" line="34" column="40" />
        <mark key="]" line="34" column="55" />
        <mark key="^" line="34" column="55" />
        <mark key="." line="34" column="55" />
      </file>
      <file name="$USER_HOME$/bynk/checkout-loan-service/src/main/scala/se/bynk/checkout/api/package.scala" timestamp="1554282265746">
        <mark key="[" line="34" column="11" />
        <mark key="]" line="34" column="15" />
        <mark key="^" line="34" column="15" />
        <mark key="." line="34" column="15" />
      </file>
      <file name="$USER_HOME$/bynk/checkout-loan-service/src/main/scala/se/bynk/checkout/api/ApplicationSupervisor.scala" timestamp="1554292357469">
        <mark key="'" line="0" column="0" />
        <mark key="[" line="72" column="0" />
        <mark key="]" line="72" column="0" />
        <mark key="." line="72" column="0" />
        <mark key="^" line="77" column="76" />
      </file>
      <file name="$USER_HOME$/bynk/checkout-loan-service/src/main/resources/application-prod.conf" timestamp="1554292199730">
        <mark key="[" line="19" column="0" />
        <mark key="]" line="19" column="0" />
        <mark key="." line="19" column="0" />
      </file>
      <file name="$USER_HOME$/bynk/checkout-loan-service/src/main/resources/application.conf" timestamp="1554292203907">
        <mark key="[" line="23" column="0" />
        <mark key="]" line="23" column="0" />
        <mark key="." line="23" column="0" />
      </file>
      <file name="$APPLICATION_CONFIG_DIR$/scratches/scratch_8.scala" timestamp="1554281592107">
        <mark key="[" line="0" column="0" />
        <mark key="]" line="13" column="1" />
        <mark key="^" line="0" column="50" />
        <mark key="." line="0" column="50" />
      </file>
      <file name="$USER_HOME$/bynk/process-manager/process-core/src/main/scala/se/bynk/loan/TopLevelActor.scala" timestamp="1554285043910">
        <mark key="[" line="131" column="3" />
        <mark key="]" line="132" column="1" />
        <mark key="." line="132" column="1" />
        <mark key="^" line="132" column="1" />
      </file>
      <file name="$USER_HOME$/bynk/process-manager/process-core/src/main/scala/se/bynk/loan/application/domain/scoring/ScoringManager.scala" timestamp="1554289368117">
        <mark key="'" line="49" column="6" />
        <mark key="[" line="225" column="0" />
        <mark key="]" line="225" column="0" />
        <mark key="." line="225" column="0" />
        <mark key="^" line="222" column="9" />
      </file>
      <file name="$USER_HOME$/bynk/loan-data-core/core/src/main/scala/se/bynk/loan/collaboration/payload/Payload.scala" timestamp="1554216625606">
        <mark key="'" line="53" column="0" />
        <mark key="[" line="47" column="20" />
        <mark key="]" line="47" column="20" />
        <mark key="." line="47" column="20" />
        <mark key="^" line="17" column="63" />
      </file>
      <file name="$USER_HOME$/bynk/loan-data-core/build.sbt" timestamp="1554289568978">
        <mark key="[" line="5" column="0" />
        <mark key="]" line="5" column="0" />
        <mark key="." line="5" column="0" />
      </file>
      <file name="$USER_HOME$/bynk/checkout-loan-service/src/main/scala/se/bynk/checkout/api/ApplicationManager.scala" timestamp="1554295416930">
        <mark key="'" line="82" column="48" />
        <mark key="[" line="193" column="0" />
        <mark key="]" line="193" column="0" />
        <mark key="." line="193" column="0" />
        <mark key="^" line="360" column="71" />
      </file>
      <file name="/fragment.java" timestamp="1554214463775">
        <mark key="[" line="0" column="0" />
      </file>
    </filemarks>
    <jumps>
      <jump line="77" column="0" filename="$USER_HOME$/bynk/checkout-credit-score-service/src/main/scala/se/bynk/checkout/api/CreditScoreSupervisorActor.scala" />
      <jump line="79" column="0" filename="$USER_HOME$/bynk/checkout-credit-score-service/src/main/scala/se/bynk/checkout/api/CreditScoreSupervisorActor.scala" />
      <jump line="87" column="0" filename="$USER_HOME$/bynk/checkout-credit-score-service/src/main/scala/se/bynk/checkout/api/CreditScoreSupervisorActor.scala" />
      <jump line="91" column="0" filename="$USER_HOME$/bynk/checkout-credit-score-service/src/main/scala/se/bynk/checkout/api/CreditScoreSupervisorActor.scala" />
      <jump line="94" column="0" filename="$USER_HOME$/bynk/checkout-credit-score-service/src/main/scala/se/bynk/checkout/api/CreditScoreSupervisorActor.scala" />
      <jump line="124" column="0" filename="$USER_HOME$/bynk/checkout-credit-score-service/src/main/scala/se/bynk/checkout/api/CreditScoreSupervisorActor.scala" />
      <jump line="110" column="0" filename="$USER_HOME$/bynk/checkout-credit-score-service/src/main/scala/se/bynk/checkout/api/CreditScoreSupervisorActor.scala" />
      <jump line="103" column="0" filename="$USER_HOME$/bynk/checkout-credit-score-service/src/main/scala/se/bynk/checkout/api/CreditScoreSupervisorActor.scala" />
      <jump line="97" column="0" filename="$USER_HOME$/bynk/checkout-credit-score-service/src/main/scala/se/bynk/checkout/api/CreditScoreSupervisorActor.scala" />
      <jump line="0" column="0" filename="$APPLICATION_CONFIG_DIR$/scratches/scratch_7.json" />
      <jump line="3" column="0" filename="$APPLICATION_CONFIG_DIR$/scratches/scratch_7.json" />
      <jump line="1" column="2" filename="$APPLICATION_CONFIG_DIR$/scratches/scratch_7.json" />
      <jump line="30" column="24" filename="$APPLICATION_CONFIG_DIR$/scratches/scratch_7.json" />
      <jump line="31" column="29" filename="$APPLICATION_CONFIG_DIR$/scratches/scratch_7.json" />
      <jump line="117" column="0" filename="$APPLICATION_CONFIG_DIR$/scratches/scratch_7.json" />
      <jump line="33" column="10" filename="$APPLICATION_CONFIG_DIR$/scratches/scratch_7.json" />
      <jump line="140" column="9" filename="$USER_HOME$/bynk/checkout-credit-score-service/src/main/scala/se/bynk/checkout/api/FullCreditScoreActor.scala" />
      <jump line="8" column="90" filename="$USER_HOME$/bynk/checkout-credit-score-service/src/main/scala/se/bynk/checkout/api/FullCreditScoreActor.scala" />
      <jump line="51" column="42" filename="$USER_HOME$/bynk/checkout-credit-score-service/src/main/scala/se/bynk/checkout/api/FullCreditScoreActor.scala" />
      <jump line="54" column="32" filename="$USER_HOME$/bynk/checkout-credit-score-service/src/main/scala/se/bynk/checkout/api/FullCreditScoreActor.scala" />
      <jump line="88" column="24" filename="$USER_HOME$/bynk/checkout-credit-score-service/src/main/scala/se/bynk/checkout/api/FullCreditScoreActor.scala" />
      <jump line="95" column="16" filename="$USER_HOME$/bynk/checkout-credit-score-service/src/main/scala/se/bynk/checkout/api/FullCreditScoreActor.scala" />
      <jump line="97" column="16" filename="$USER_HOME$/bynk/checkout-credit-score-service/src/main/scala/se/bynk/checkout/api/FullCreditScoreActor.scala" />
      <jump line="180" column="17" filename="$USER_HOME$/bynk/checkout-credit-score-service/src/main/scala/se/bynk/checkout/api/FullCreditScoreActor.scala" />
      <jump line="75" column="33" filename="$USER_HOME$/bynk/checkout-loan-service/src/main/scala/se/bynk/checkout/api/ApplicationManager.scala" />
      <jump line="82" column="48" filename="$USER_HOME$/bynk/checkout-loan-service/src/main/scala/se/bynk/checkout/api/ApplicationManager.scala" />
      <jump line="48" column="70" filename="$USER_HOME$/bynk/checkout-loan-service/src/main/scala/se/bynk/checkout/api/ApplicationSupervisor.scala" />
      <jump line="0" column="0" filename="$USER_HOME$/bynk/checkout-loan-service/src/main/scala/se/bynk/checkout/api/ApplicationSupervisor.scala" />
      <jump line="49" column="6" filename="$USER_HOME$/bynk/process-manager/process-core/src/main/scala/se/bynk/loan/application/domain/scoring/ScoringManager.scala" />
      <jump line="63" column="5" filename="$USER_HOME$/bynk/checkout-loan-service/src/main/scala/se/bynk/checkout/api/ExternalMsgWorker.scala" />
      <jump line="40" column="1" filename="$USER_HOME$/.ivy2/cache/io.circe/circe-core_2.12/srcs/circe-core_2.12-0.9.2-sources.jar!/io/circe/Encoder.scala" />
      <jump line="136" column="0" filename="$USER_HOME$/.ivy2/cache/io.circe/circe-core_2.12/srcs/circe-core_2.12-0.9.2-sources.jar!/io/circe/Encoder.scala" />
      <jump line="143" column="0" filename="$USER_HOME$/.ivy2/cache/io.circe/circe-core_2.12/srcs/circe-core_2.12-0.9.2-sources.jar!/io/circe/Encoder.scala" />
      <jump line="148" column="0" filename="$USER_HOME$/.ivy2/cache/io.circe/circe-core_2.12/srcs/circe-core_2.12-0.9.2-sources.jar!/io/circe/Encoder.scala" />
      <jump line="155" column="0" filename="$USER_HOME$/.ivy2/cache/io.circe/circe-core_2.12/srcs/circe-core_2.12-0.9.2-sources.jar!/io/circe/Encoder.scala" />
      <jump line="160" column="0" filename="$USER_HOME$/.ivy2/cache/io.circe/circe-core_2.12/srcs/circe-core_2.12-0.9.2-sources.jar!/io/circe/Encoder.scala" />
      <jump line="171" column="0" filename="$USER_HOME$/.ivy2/cache/io.circe/circe-core_2.12/srcs/circe-core_2.12-0.9.2-sources.jar!/io/circe/Encoder.scala" />
      <jump line="176" column="0" filename="$USER_HOME$/.ivy2/cache/io.circe/circe-core_2.12/srcs/circe-core_2.12-0.9.2-sources.jar!/io/circe/Encoder.scala" />
      <jump line="183" column="0" filename="$USER_HOME$/.ivy2/cache/io.circe/circe-core_2.12/srcs/circe-core_2.12-0.9.2-sources.jar!/io/circe/Encoder.scala" />
      <jump line="188" column="0" filename="$USER_HOME$/.ivy2/cache/io.circe/circe-core_2.12/srcs/circe-core_2.12-0.9.2-sources.jar!/io/circe/Encoder.scala" />
      <jump line="375" column="0" filename="$USER_HOME$/.ivy2/cache/io.circe/circe-core_2.12/srcs/circe-core_2.12-0.9.2-sources.jar!/io/circe/Encoder.scala" />
      <jump line="388" column="0" filename="$USER_HOME$/.ivy2/cache/io.circe/circe-core_2.12/srcs/circe-core_2.12-0.9.2-sources.jar!/io/circe/Encoder.scala" />
      <jump line="399" column="0" filename="$USER_HOME$/.ivy2/cache/io.circe/circe-core_2.12/srcs/circe-core_2.12-0.9.2-sources.jar!/io/circe/Encoder.scala" />
      <jump line="406" column="0" filename="$USER_HOME$/.ivy2/cache/io.circe/circe-core_2.12/srcs/circe-core_2.12-0.9.2-sources.jar!/io/circe/Encoder.scala" />
      <jump line="417" column="0" filename="$USER_HOME$/.ivy2/cache/io.circe/circe-core_2.12/srcs/circe-core_2.12-0.9.2-sources.jar!/io/circe/Encoder.scala" />
      <jump line="423" column="0" filename="$USER_HOME$/.ivy2/cache/io.circe/circe-core_2.12/srcs/circe-core_2.12-0.9.2-sources.jar!/io/circe/Encoder.scala" />
      <jump line="427" column="0" filename="$USER_HOME$/.ivy2/cache/io.circe/circe-core_2.12/srcs/circe-core_2.12-0.9.2-sources.jar!/io/circe/Encoder.scala" />
      <jump line="432" column="0" filename="$USER_HOME$/.ivy2/cache/io.circe/circe-core_2.12/srcs/circe-core_2.12-0.9.2-sources.jar!/io/circe/Encoder.scala" />
      <jump line="24" column="6" filename="$USER_HOME$/.ivy2/cache/io.circe/circe-core_2.12/srcs/circe-core_2.12-0.9.2-sources.jar!/io/circe/Encoder.scala" />
      <jump line="90" column="0" filename="$USER_HOME$/.ivy2/cache/io.circe/circe-core_2.12/srcs/circe-core_2.12-0.9.2-sources.jar!/io/circe/Encoder.scala" />
      <jump line="129" column="0" filename="$USER_HOME$/.ivy2/cache/io.circe/circe-core_2.12/srcs/circe-core_2.12-0.9.2-sources.jar!/io/circe/Encoder.scala" />
      <jump line="122" column="0" filename="$USER_HOME$/.ivy2/cache/io.circe/circe-core_2.12/srcs/circe-core_2.12-0.9.2-sources.jar!/io/circe/Encoder.scala" />
      <jump line="115" column="0" filename="$USER_HOME$/.ivy2/cache/io.circe/circe-core_2.12/srcs/circe-core_2.12-0.9.2-sources.jar!/io/circe/Encoder.scala" />
      <jump line="101" column="0" filename="$USER_HOME$/.ivy2/cache/io.circe/circe-core_2.12/srcs/circe-core_2.12-0.9.2-sources.jar!/io/circe/Encoder.scala" />
      <jump line="108" column="0" filename="$USER_HOME$/.ivy2/cache/io.circe/circe-core_2.12/srcs/circe-core_2.12-0.9.2-sources.jar!/io/circe/Encoder.scala" />
      <jump line="16" column="6" filename="$USER_HOME$/.ivy2/cache/io.circe/circe-core_2.12/srcs/circe-core_2.12-0.9.2-sources.jar!/io/circe/Encoder.scala" />
      <jump line="21" column="0" filename="$USER_HOME$/.ivy2/cache/io.circe/circe-core_2.12/srcs/circe-core_2.12-0.9.2-sources.jar!/io/circe/Encoder.scala" />
      <jump line="29" column="0" filename="$USER_HOME$/.ivy2/cache/io.circe/circe-core_2.12/srcs/circe-core_2.12-0.9.2-sources.jar!/io/circe/Encoder.scala" />
      <jump line="37" column="0" filename="$USER_HOME$/.ivy2/cache/io.circe/circe-core_2.12/srcs/circe-core_2.12-0.9.2-sources.jar!/io/circe/Encoder.scala" />
      <jump line="81" column="0" filename="$USER_HOME$/.ivy2/cache/io.circe/circe-core_2.12/srcs/circe-core_2.12-0.9.2-sources.jar!/io/circe/Encoder.scala" />
      <jump line="189" column="4" filename="$USER_HOME$/.ivy2/cache/io.circe/circe-core_2.12/srcs/circe-core_2.12-0.9.2-sources.jar!/io/circe/Encoder.scala" />
      <jump line="195" column="0" filename="$USER_HOME$/.ivy2/cache/io.circe/circe-core_2.12/srcs/circe-core_2.12-0.9.2-sources.jar!/io/circe/Encoder.scala" />
      <jump line="200" column="0" filename="$USER_HOME$/.ivy2/cache/io.circe/circe-core_2.12/srcs/circe-core_2.12-0.9.2-sources.jar!/io/circe/Encoder.scala" />
      <jump line="207" column="0" filename="$USER_HOME$/.ivy2/cache/io.circe/circe-core_2.12/srcs/circe-core_2.12-0.9.2-sources.jar!/io/circe/Encoder.scala" />
      <jump line="212" column="0" filename="$USER_HOME$/.ivy2/cache/io.circe/circe-core_2.12/srcs/circe-core_2.12-0.9.2-sources.jar!/io/circe/Encoder.scala" />
      <jump line="219" column="0" filename="$USER_HOME$/.ivy2/cache/io.circe/circe-core_2.12/srcs/circe-core_2.12-0.9.2-sources.jar!/io/circe/Encoder.scala" />
      <jump line="224" column="0" filename="$USER_HOME$/.ivy2/cache/io.circe/circe-core_2.12/srcs/circe-core_2.12-0.9.2-sources.jar!/io/circe/Encoder.scala" />
      <jump line="231" column="0" filename="$USER_HOME$/.ivy2/cache/io.circe/circe-core_2.12/srcs/circe-core_2.12-0.9.2-sources.jar!/io/circe/Encoder.scala" />
      <jump line="236" column="0" filename="$USER_HOME$/.ivy2/cache/io.circe/circe-core_2.12/srcs/circe-core_2.12-0.9.2-sources.jar!/io/circe/Encoder.scala" />
      <jump line="243" column="0" filename="$USER_HOME$/.ivy2/cache/io.circe/circe-core_2.12/srcs/circe-core_2.12-0.9.2-sources.jar!/io/circe/Encoder.scala" />
      <jump line="248" column="0" filename="$USER_HOME$/.ivy2/cache/io.circe/circe-core_2.12/srcs/circe-core_2.12-0.9.2-sources.jar!/io/circe/Encoder.scala" />
      <jump line="255" column="0" filename="$USER_HOME$/.ivy2/cache/io.circe/circe-core_2.12/srcs/circe-core_2.12-0.9.2-sources.jar!/io/circe/Encoder.scala" />
      <jump line="260" column="0" filename="$USER_HOME$/.ivy2/cache/io.circe/circe-core_2.12/srcs/circe-core_2.12-0.9.2-sources.jar!/io/circe/Encoder.scala" />
      <jump line="268" column="0" filename="$USER_HOME$/.ivy2/cache/io.circe/circe-core_2.12/srcs/circe-core_2.12-0.9.2-sources.jar!/io/circe/Encoder.scala" />
      <jump line="278" column="0" filename="$USER_HOME$/.ivy2/cache/io.circe/circe-core_2.12/srcs/circe-core_2.12-0.9.2-sources.jar!/io/circe/Encoder.scala" />
      <jump line="283" column="0" filename="$USER_HOME$/.ivy2/cache/io.circe/circe-core_2.12/srcs/circe-core_2.12-0.9.2-sources.jar!/io/circe/Encoder.scala" />
      <jump line="290" column="0" filename="$USER_HOME$/.ivy2/cache/io.circe/circe-core_2.12/srcs/circe-core_2.12-0.9.2-sources.jar!/io/circe/Encoder.scala" />
      <jump line="298" column="0" filename="$USER_HOME$/.ivy2/cache/io.circe/circe-core_2.12/srcs/circe-core_2.12-0.9.2-sources.jar!/io/circe/Encoder.scala" />
      <jump line="306" column="0" filename="$USER_HOME$/.ivy2/cache/io.circe/circe-core_2.12/srcs/circe-core_2.12-0.9.2-sources.jar!/io/circe/Encoder.scala" />
      <jump line="314" column="0" filename="$USER_HOME$/.ivy2/cache/io.circe/circe-core_2.12/srcs/circe-core_2.12-0.9.2-sources.jar!/io/circe/Encoder.scala" />
      <jump line="322" column="0" filename="$USER_HOME$/.ivy2/cache/io.circe/circe-core_2.12/srcs/circe-core_2.12-0.9.2-sources.jar!/io/circe/Encoder.scala" />
      <jump line="330" column="0" filename="$USER_HOME$/.ivy2/cache/io.circe/circe-core_2.12/srcs/circe-core_2.12-0.9.2-sources.jar!/io/circe/Encoder.scala" />
      <jump line="338" column="0" filename="$USER_HOME$/.ivy2/cache/io.circe/circe-core_2.12/srcs/circe-core_2.12-0.9.2-sources.jar!/io/circe/Encoder.scala" />
      <jump line="347" column="0" filename="$USER_HOME$/.ivy2/cache/io.circe/circe-core_2.12/srcs/circe-core_2.12-0.9.2-sources.jar!/io/circe/Encoder.scala" />
      <jump line="350" column="0" filename="$USER_HOME$/.ivy2/cache/io.circe/circe-core_2.12/srcs/circe-core_2.12-0.9.2-sources.jar!/io/circe/Encoder.scala" />
      <jump line="364" column="0" filename="$USER_HOME$/.ivy2/cache/io.circe/circe-core_2.12/srcs/circe-core_2.12-0.9.2-sources.jar!/io/circe/Encoder.scala" />
      <jump line="20" column="13" filename="$USER_HOME$/bynk/loan-data-core/core/src/main/scala/se/bynk/loan/core/bqbank/commands/BQServiceResponses.scala" />
      <jump line="61" column="12" filename="$USER_HOME$/bynk/loan-data-core/core/src/main/scala/se/bynk/loan/core/bqbank/commands/BQServiceResponses.scala" />
      <jump line="62" column="33" filename="$USER_HOME$/bynk/loan-data-core/core/src/main/scala/se/bynk/loan/core/bqbank/commands/BQServiceResponses.scala" />
      <jump line="73" column="33" filename="$USER_HOME$/bynk/loan-data-core/core/src/main/scala/se/bynk/loan/core/bqbank/commands/BQServiceResponses.scala" />
      <jump line="75" column="33" filename="$USER_HOME$/bynk/loan-data-core/core/src/main/scala/se/bynk/loan/core/bqbank/commands/BQServiceResponses.scala" />
      <jump line="99" column="33" filename="$USER_HOME$/bynk/loan-data-core/core/src/main/scala/se/bynk/loan/core/bqbank/commands/BQServiceResponses.scala" />
      <jump line="101" column="33" filename="$USER_HOME$/bynk/loan-data-core/core/src/main/scala/se/bynk/loan/core/bqbank/commands/BQServiceResponses.scala" />
      <jump line="8" column="3" filename="$USER_HOME$/bynk/loan-data-core/core/src/main/scala/se/bynk/loan/core/bqbank/commands/BQServiceResponses.scala" />
      <jump line="17" column="33" filename="$USER_HOME$/bynk/loan-data-core/core/src/main/scala/se/bynk/loan/core/bqbank/commands/BQServiceResponses.scala" />
      <jump line="19" column="33" filename="$USER_HOME$/bynk/loan-data-core/core/src/main/scala/se/bynk/loan/core/bqbank/commands/BQServiceResponses.scala" />
      <jump line="60" column="30" filename="$USER_HOME$/bynk/loan-data-core/core/src/main/scala/se/bynk/loan/core/bqbank/commands/BQServiceResponses.scala" />
      <jump line="102" column="14" filename="$USER_HOME$/bynk/process-manager/process-core/src/main/scala/se/bynk/loan/application/domain/LoanApplicationProcessManager.scala" />
      <jump line="1480" column="45" filename="$USER_HOME$/bynk/process-manager/process-core/src/main/scala/se/bynk/loan/application/domain/LoanApplicationProcessManager.scala" />
      <jump line="12" column="43" filename="$USER_HOME$/bynk/process-manager/process-core/src/main/scala/se/bynk/loan/application/domain/LoanApplicationProcessManager.scala" />
    </jumps>
    <registers>
      <register name="&quot;" type="2">
        <text encoding="base64">aW1wb3J0IGlvLmNpcmNlLmdlbmVyaWMuYXV0by5fCg==</text>
      </register>
      <register name="-" type="4">
        <text encoding="base64">IFNlcnZpY2VSZXF1ZXN0</text>
      </register>
      <register name="/" type="4">
        <text>props</text>
      </register>
      <register name="0" type="2">
        <text encoding="base64">ICBlbmFibGUtYWRkaXRpb25hbC1zZXJpYWxpemF0aW9uLWJpbmRpbmdzID0gb24K</text>
      </register>
      <register name="1" type="2">
        <text encoding="base64">aW1wb3J0IGlvLmNpcmNlLmdlbmVyaWMuYXV0by5fCg==</text>
      </register>
      <register name="q" type="4">
        <text />
      </register>
      <register name="2" type="2">
        <text encoding="base64">ICAgIC8vIFRPRE86IEZpeCB0aGVzZSB0d28K</text>
      </register>
      <register name="3" type="2">
        <text encoding="base64">ICAgICAgCg==</text>
      </register>
      <register name="4" type="2">
        <text encoding="base64">ICBlbmFibGUtYWRkaXRpb25hbC1zZXJpYWxpemF0aW9uLWJpbmRpbmdzID0gb24KICBha2thLmFjdG9yLmFsbG93LWphdmEtc2VyaWFsaXphdGlvbiA9IG9mZgoK</text>
      </register>
      <register name="5" type="2">
        <text encoding="base64">ICBlbmFibGUtYWRkaXRpb25hbC1zZXJpYWxpemF0aW9uLWJpbmRpbmdzID0gb24KICBha2thLmFjdG9yLmFsbG93LWphdmEtc2VyaWFsaXphdGlvbiA9IG9mZgoK</text>
      </register>
      <register name="6" type="2">
        <text encoding="base64">Cg==</text>
      </register>
      <register name="7" type="2">
        <text encoding="base64">ICBlbmFibGUtYWRkaXRpb25hbC1zZXJpYWxpemF0aW9uLWJpbmRpbmdzID0gb24KICBha2thLmFjdG9yLmFsbG93LWphdmEtc2VyaWFsaXphdGlvbiA9IG9mZgo=</text>
      </register>
      <register name="8" type="2">
        <text encoding="base64">amwK</text>
      </register>
      <register name="9" type="2">
        <text encoding="base64">Cg==</text>
      </register>
      <register name=":" type="4">
        <text>231</text>
      </register>
    </registers>
    <search>
      <last-search>props</last-search>
      <last-offset />
      <last-pattern>props</last-pattern>
      <last-replace>,\r</last-replace>
      <last-substitute>,</last-substitute>
      <last-dir>1</last-dir>
      <show-last>false</show-last>
    </search>
    <history>
      <history-search>
        <entry>CrSComman</entry>
        <entry>TryScore</entry>
        <entry>CreateChild</entry>
        <entry>payload</entry>
        <entry>Score</entry>
        <entry>Score [</entry>
        <entry>M</entry>
        <entry>FullC</entry>
        <entry>onC</entry>
        <entry>JsonString</entry>
        <entry>SendUserScored</entry>
        <entry>MakeQu</entry>
        <entry>UserScored</entry>
        <entry>Und</entry>
        <entry>Unhan</entry>
        <entry>log.</entry>
        <entry>ApplicatoinQuoted</entry>
        <entry>ApplicationQuoted</entry>
        <entry>===</entry>
        <entry>props</entry>
      </history-search>
      <history-cmd>
        <entry>set number</entry>
        <entry>set absolute</entry>
        <entry>help [m</entry>
        <entry>help ``</entry>
        <entry>s/./.\r/g</entry>
        <entry>s/\./\.\r/g</entry>
        <entry>ref</entry>
        <entry>reg</entry>
        <entry>s/,/,\/g</entry>
        <entry>%s/,/,\r/g</entry>
        <entry>.,+20norm .</entry>
        <entry>20:norm.</entry>
        <entry>176</entry>
        <entry>set relativenumber</entry>
        <entry>730</entry>
        <entry>s/,/,\r/g</entry>
        <entry>h</entry>
        <entry>45</entry>
        <entry>65</entry>
        <entry>231</entry>
      </history-cmd>
      <history-expr />
      <history-input />
    </history>
    <shortcut-conflicts>
      <shortcut-conflict owner="vim">
        <text>ctrl pressed R</text>
      </shortcut-conflict>
      <shortcut-conflict owner="vim">
        <text>ctrl pressed D</text>
      </shortcut-conflict>
      <shortcut-conflict owner="vim">
        <text>ctrl pressed E</text>
      </shortcut-conflict>
      <shortcut-conflict owner="vim">
        <text>ctrl pressed O</text>
      </shortcut-conflict>
      <shortcut-conflict owner="vim">
        <text>ctrl pressed V</text>
      </shortcut-conflict>
      <shortcut-conflict owner="ide">
        <text>ctrl pressed G</text>
      </shortcut-conflict>
      <shortcut-conflict owner="vim">
        <text>pressed F7</text>
      </shortcut-conflict>
      <shortcut-conflict owner="vim">
        <text>ctrl pressed I</text>
      </shortcut-conflict>
      <shortcut-conflict owner="vim">
        <text>ctrl pressed A</text>
      </shortcut-conflict>
      <shortcut-conflict owner="vim">
        <text>pressed F8</text>
      </shortcut-conflict>
      <shortcut-conflict owner="vim">
        <text>ctrl pressed SPACE</text>
      </shortcut-conflict>
      <shortcut-conflict owner="vim">
        <text>ctrl pressed P</text>
      </shortcut-conflict>
    </shortcut-conflicts>
  </component>
</application>