<code_scheme name="Default" version="173">
  <option name="SOFT_MARGINS" value="80" />
  <ScalaCodeStyleSettings>
    <option name="alwaysUsedImports">
      <array>
        <option value="io.circe.java8.time._" />
        <option value="se.bynk.loan.tools.JsonConfig.circeConfig" />
      </array>
    </option>
    <option name="FORMATTER" value="1" />
    <option name="TYPE_ANNOTATION_PUBLIC_MEMBER" value="false" />
    <option name="TYPE_ANNOTATION_PROTECTED_MEMBER" value="false" />
    <option name="TYPE_ANNOTATION_UNIT_TYPE" value="false" />
  </ScalaCodeStyleSettings>
</code_scheme>