<code_scheme name="Default" version="173">
  <option name="SOFT_MARGINS" value="80" />
  <ScalaCodeStyleSettings>
    <option name="alwaysUsedImports">
      <array>
        <option value="DoobieMappings._" />
        <option value="doobie.implicits.legacy.instant._" />
        <option value="doobie.postgres._" />
        <option value="doobie.postgres.circe.json.implicits._" />
        <option value="doobie.postgres.implicits._" />
        <option value="io.circe.java8.time._" />
        <option value="pureconfig.generic.auto._" />
        <option value="se.bynk.card.infrastructure.DoobieMappings._" />
        <option value="se.bynk.card.util.TimeUtils._" />
        <option value="se.bynk.loan.tools.JsonConfig.circeConfig" />
      </array>
    </option>
    <option name="FORMATTER" value="1" />
    <option name="MULTILINE_STRING_CLOSING_QUOTES_ON_NEW_LINE" value="true" />
    <option name="TYPE_ANNOTATION_PUBLIC_MEMBER" value="false" />
    <option name="TYPE_ANNOTATION_PROTECTED_MEMBER" value="false" />
    <option name="TYPE_ANNOTATION_UNIT_TYPE" value="false" />
  </ScalaCodeStyleSettings>
  <TypeScriptCodeStyleSettings version="0">
    <option name="SPACE_WITHIN_ARRAY_INITIALIZER_BRACKETS" value="true" />
    <option name="SPACES_WITHIN_OBJECT_LITERAL_BRACES" value="true" />
    <option name="SPACES_WITHIN_IMPORTS" value="true" />
  </TypeScriptCodeStyleSettings>
  <codeStyleSettings language="JavaScript">
    <indentOptions>
      <option name="INDENT_SIZE" value="2" />
      <option name="CONTINUATION_INDENT_SIZE" value="2" />
      <option name="TAB_SIZE" value="2" />
    </indentOptions>
  </codeStyleSettings>
  <codeStyleSettings language="Scala">
    <option name="ALIGN_MULTILINE_PARAMETERS" value="false" />
  </codeStyleSettings>
  <codeStyleSettings language="TypeScript">
    <indentOptions>
      <option name="INDENT_SIZE" value="2" />
      <option name="CONTINUATION_INDENT_SIZE" value="2" />
      <option name="TAB_SIZE" value="2" />
    </indentOptions>
  </codeStyleSettings>
</code_scheme>