<keymap version="1" name="Mac OS X 10.5+ copy" parent="Mac OS X 10.5+">
  <action id="Android.HotswapChanges">
    <keyboard-shortcut first-keystroke="meta f10" />
  </action>
  <action id="Back">
    <keyboard-shortcut first-keystroke="meta open_bracket" />
    <keyboard-shortcut first-keystroke="meta alt left" />
    <mouse-shortcut keystroke="button4" />
    <keyboard-shortcut first-keystroke="meta alt j" />
  </action>
  <action id="CheckinProject">
    <keyboard-shortcut first-keystroke="ctrl meta k" />
  </action>
  <action id="CloseContent" />
  <action id="CommentByLineComment">
    <keyboard-shortcut first-keystroke="meta slash" />
    <keyboard-shortcut first-keystroke="meta divide" />
    <keyboard-shortcut first-keystroke="shift meta 7" />
  </action>
  <action id="DuplicatesForm.SendToLeft" />
  <action id="EditorDown">
    <keyboard-shortcut first-keystroke="ctrl n" />
    <keyboard-shortcut first-keystroke="meta k" />
  </action>
  <action id="EditorLeft">
    <keyboard-shortcut first-keystroke="ctrl b" />
    <keyboard-shortcut first-keystroke="meta j" />
  </action>
  <action id="EditorRight">
    <keyboard-shortcut first-keystroke="ctrl f" />
    <keyboard-shortcut first-keystroke="meta o_with_diaeresis" />
  </action>
  <action id="EditorSelectWord">
    <keyboard-shortcut first-keystroke="alt up" />
    <keyboard-shortcut first-keystroke="meta w" />
  </action>
  <action id="EditorUnSelectWord">
    <keyboard-shortcut first-keystroke="alt down" />
    <keyboard-shortcut first-keystroke="shift meta w" />
  </action>
  <action id="EditorUp">
    <keyboard-shortcut first-keystroke="ctrl p" />
    <keyboard-shortcut first-keystroke="meta l" />
  </action>
  <action id="FileChooser.GotoHome" />
  <action id="Forward">
    <keyboard-shortcut first-keystroke="meta close_bracket" />
    <keyboard-shortcut first-keystroke="meta alt right" />
    <mouse-shortcut keystroke="button5" />
    <keyboard-shortcut first-keystroke="meta alt o_with_diaeresis" />
  </action>
  <action id="FrameSwitchAction">
    <keyboard-shortcut first-keystroke="alt f2" />
    <keyboard-shortcut first-keystroke="meta #10000a7" />
    <keyboard-shortcut first-keystroke="meta f1" />
  </action>
  <action id="GotoAction">
    <keyboard-shortcut first-keystroke="ctrl meta a" />
  </action>
  <action id="GotoChangedFile" />
  <action id="GotoClass">
    <keyboard-shortcut first-keystroke="shift meta o" />
  </action>
  <action id="GotoFile" />
  <action id="GotoLine" />
  <action id="HideActiveWindow">
    <keyboard-shortcut first-keystroke="shift escape" />
    <keyboard-shortcut first-keystroke="shift meta a" />
  </action>
  <action id="InsertLiveTemplate" />
  <action id="OpenFile">
    <keyboard-shortcut first-keystroke="shift ctrl meta o" />
  </action>
  <action id="RerunTests">
    <keyboard-shortcut first-keystroke="shift alt r" />
  </action>
  <action id="Run">
    <keyboard-shortcut first-keystroke="ctrl r" />
    <keyboard-shortcut first-keystroke="ctrl meta r" />
  </action>
  <action id="Scala.ShowImplicits">
    <keyboard-shortcut first-keystroke="shift ctrl alt equals" />
    <keyboard-shortcut first-keystroke="shift ctrl alt add" />
  </action>
  <action id="SearchEverywhere">
    <keyboard-shortcut first-keystroke="meta o" />
  </action>
  <action id="ShowErrorDescription" />
  <action id="SurroundWith">
    <keyboard-shortcut first-keystroke="meta t" />
  </action>
  <action id="SurroundWithLiveTemplate" />
  <action id="Vcs.Log.FocusTextFilter" />
  <action id="Vcs.Log.ShowAllAffected" />
  <action id="Vcs.UpdateProject">
    <keyboard-shortcut first-keystroke="meta alt t" />
  </action>
  <action id="VcsHistory.ShowAllAffected" />
</keymap>